ISO-10303-21;
HEADER;
/* Generated by software containing ST-Developer
 * from STEP Tools, Inc. (www.steptools.com) 
 */
/* OPTION: strings as raw bytes, not using required /X/ escapes */

FILE_DESCRIPTION(
/* description */ ('Unknown'),
/* implementation_level */ '2;1');

FILE_NAME(
/* name */ 'TPS16412DRCR',
/* time_stamp */ '2024-12-25T10:22:28+02:00',
/* author */ ('Unknown'),
/* organization */ ('Unknown'),
/* preprocessor_version */ 'ST-DEVELOPER v18.102',
/* originating_system */ 'Solid Edge',
/* authorisation */ 'Unknown');

FILE_SCHEMA (('AUTOMOTIVE_DESIGN {1 0 10303 214 3 1 1}'));
ENDSEC;

DATA;
#10=PROPERTY_DEFINITION_REPRESENTATION(#14,#12);
#11=PROPERTY_DEFINITION_REPRESENTATION(#15,#13);
#12=REPRESENTATION('',(#16),#4676);
#13=REPRESENTATION('',(#17),#4676);
#14=PROPERTY_DEFINITION('pmi validation property','',#4681);
#15=PROPERTY_DEFINITION('pmi validation property','',#4681);
#16=VALUE_REPRESENTATION_ITEM('number of annotations',COUNT_MEASURE(0.));
#17=VALUE_REPRESENTATION_ITEM('number of views',COUNT_MEASURE(0.));
#18=SHAPE_REPRESENTATION_RELATIONSHIP('','',#3208,#19);
#19=ADVANCED_BREP_SHAPE_REPRESENTATION('',(#3206),#4676);
#20=DRAUGHTING_PRE_DEFINED_COLOUR('white');
#21=PLANE('',#3213);
#22=PLANE('',#3217);
#23=PLANE('',#3218);
#24=PLANE('',#3219);
#25=PLANE('',#3220);
#26=PLANE('',#3221);
#27=PLANE('',#3225);
#28=PLANE('',#3229);
#29=PLANE('',#3230);
#30=PLANE('',#3231);
#31=PLANE('',#3232);
#32=PLANE('',#3233);
#33=PLANE('',#3237);
#34=PLANE('',#3241);
#35=PLANE('',#3242);
#36=PLANE('',#3243);
#37=PLANE('',#3244);
#38=PLANE('',#3245);
#39=PLANE('',#3249);
#40=PLANE('',#3253);
#41=PLANE('',#3254);
#42=PLANE('',#3255);
#43=PLANE('',#3256);
#44=PLANE('',#3257);
#45=PLANE('',#3258);
#46=PLANE('',#3259);
#47=PLANE('',#3262);
#48=PLANE('',#3263);
#49=PLANE('',#3266);
#50=PLANE('',#3267);
#51=PLANE('',#3270);
#52=PLANE('',#3271);
#53=PLANE('',#3274);
#54=PLANE('',#3275);
#55=PLANE('',#3278);
#56=PLANE('',#3280);
#57=PLANE('',#3281);
#58=PLANE('',#3282);
#59=PLANE('',#3285);
#60=PLANE('',#3290);
#61=PLANE('',#3295);
#62=PLANE('',#3300);
#63=PLANE('',#3305);
#64=PLANE('',#3308);
#65=PLANE('',#3309);
#66=PLANE('',#3310);
#67=PLANE('',#3311);
#68=PLANE('',#3312);
#69=PLANE('',#3313);
#70=PLANE('',#3314);
#71=PLANE('',#3315);
#72=PLANE('',#3316);
#73=PLANE('',#3317);
#74=PLANE('',#3318);
#75=PLANE('',#3319);
#76=PLANE('',#3320);
#77=PLANE('',#3321);
#78=PLANE('',#3322);
#79=PLANE('',#3323);
#80=PLANE('',#3324);
#81=PLANE('',#3325);
#82=PLANE('',#3326);
#83=PLANE('',#3329);
#84=PLANE('',#3330);
#85=PLANE('',#3331);
#86=PLANE('',#3332);
#87=PLANE('',#3333);
#88=PLANE('',#3334);
#89=PLANE('',#3335);
#90=PLANE('',#3336);
#91=PLANE('',#3337);
#92=PLANE('',#3338);
#93=PLANE('',#3339);
#94=PLANE('',#3340);
#95=PLANE('',#3341);
#96=PLANE('',#3342);
#97=PLANE('',#3343);
#98=PLANE('',#3344);
#99=PLANE('',#3345);
#100=PLANE('',#3346);
#101=PLANE('',#3347);
#102=PLANE('',#3348);
#103=PLANE('',#3349);
#104=PLANE('',#3350);
#105=PLANE('',#3351);
#106=PLANE('',#3352);
#107=PLANE('',#3353);
#108=PLANE('',#3354);
#109=PLANE('',#3355);
#110=PLANE('',#3356);
#111=PLANE('',#3359);
#112=PLANE('',#3362);
#113=PLANE('',#3365);
#114=PLANE('',#3366);
#115=PLANE('',#3367);
#116=PLANE('',#3368);
#117=LINE('',#3993,#416);
#118=LINE('',#3997,#417);
#119=LINE('',#3999,#418);
#120=LINE('',#4001,#419);
#121=LINE('',#4003,#420);
#122=LINE('',#4009,#421);
#123=LINE('',#4011,#422);
#124=LINE('',#4013,#423);
#125=LINE('',#4015,#424);
#126=LINE('',#4017,#425);
#127=LINE('',#4019,#426);
#128=LINE('',#4021,#427);
#129=LINE('',#4023,#428);
#130=LINE('',#4025,#429);
#131=LINE('',#4027,#430);
#132=LINE('',#4029,#431);
#133=LINE('',#4031,#432);
#134=LINE('',#4033,#433);
#135=LINE('',#4034,#434);
#136=LINE('',#4040,#435);
#137=LINE('',#4044,#436);
#138=LINE('',#4046,#437);
#139=LINE('',#4048,#438);
#140=LINE('',#4050,#439);
#141=LINE('',#4056,#440);
#142=LINE('',#4058,#441);
#143=LINE('',#4060,#442);
#144=LINE('',#4062,#443);
#145=LINE('',#4064,#444);
#146=LINE('',#4066,#445);
#147=LINE('',#4068,#446);
#148=LINE('',#4070,#447);
#149=LINE('',#4072,#448);
#150=LINE('',#4074,#449);
#151=LINE('',#4076,#450);
#152=LINE('',#4078,#451);
#153=LINE('',#4080,#452);
#154=LINE('',#4081,#453);
#155=LINE('',#4087,#454);
#156=LINE('',#4091,#455);
#157=LINE('',#4093,#456);
#158=LINE('',#4095,#457);
#159=LINE('',#4097,#458);
#160=LINE('',#4103,#459);
#161=LINE('',#4105,#460);
#162=LINE('',#4107,#461);
#163=LINE('',#4109,#462);
#164=LINE('',#4111,#463);
#165=LINE('',#4113,#464);
#166=LINE('',#4115,#465);
#167=LINE('',#4117,#466);
#168=LINE('',#4119,#467);
#169=LINE('',#4121,#468);
#170=LINE('',#4123,#469);
#171=LINE('',#4125,#470);
#172=LINE('',#4127,#471);
#173=LINE('',#4128,#472);
#174=LINE('',#4134,#473);
#175=LINE('',#4138,#474);
#176=LINE('',#4140,#475);
#177=LINE('',#4142,#476);
#178=LINE('',#4144,#477);
#179=LINE('',#4150,#478);
#180=LINE('',#4152,#479);
#181=LINE('',#4154,#480);
#182=LINE('',#4156,#481);
#183=LINE('',#4158,#482);
#184=LINE('',#4160,#483);
#185=LINE('',#4162,#484);
#186=LINE('',#4164,#485);
#187=LINE('',#4166,#486);
#188=LINE('',#4168,#487);
#189=LINE('',#4170,#488);
#190=LINE('',#4172,#489);
#191=LINE('',#4174,#490);
#192=LINE('',#4175,#491);
#193=LINE('',#4178,#492);
#194=LINE('',#4181,#493);
#195=LINE('',#4183,#494);
#196=LINE('',#4185,#495);
#197=LINE('',#4190,#496);
#198=LINE('',#4191,#497);
#199=LINE('',#4195,#498);
#200=LINE('',#4197,#499);
#201=LINE('',#4200,#500);
#202=LINE('',#4202,#501);
#203=LINE('',#4204,#502);
#204=LINE('',#4209,#503);
#205=LINE('',#4210,#504);
#206=LINE('',#4214,#505);
#207=LINE('',#4216,#506);
#208=LINE('',#4219,#507);
#209=LINE('',#4221,#508);
#210=LINE('',#4223,#509);
#211=LINE('',#4228,#510);
#212=LINE('',#4229,#511);
#213=LINE('',#4233,#512);
#214=LINE('',#4235,#513);
#215=LINE('',#4238,#514);
#216=LINE('',#4240,#515);
#217=LINE('',#4242,#516);
#218=LINE('',#4247,#517);
#219=LINE('',#4248,#518);
#220=LINE('',#4252,#519);
#221=LINE('',#4254,#520);
#222=LINE('',#4257,#521);
#223=LINE('',#4259,#522);
#224=LINE('',#4261,#523);
#225=LINE('',#4266,#524);
#226=LINE('',#4267,#525);
#227=LINE('',#4271,#526);
#228=LINE('',#4276,#527);
#229=LINE('',#4279,#528);
#230=LINE('',#4281,#529);
#231=LINE('',#4283,#530);
#232=LINE('',#4285,#531);
#233=LINE('',#4288,#532);
#234=LINE('',#4290,#533);
#235=LINE('',#4292,#534);
#236=LINE('',#4294,#535);
#237=LINE('',#4297,#536);
#238=LINE('',#4299,#537);
#239=LINE('',#4301,#538);
#240=LINE('',#4303,#539);
#241=LINE('',#4307,#540);
#242=LINE('',#4309,#541);
#243=LINE('',#4311,#542);
#244=LINE('',#4315,#543);
#245=LINE('',#4317,#544);
#246=LINE('',#4321,#545);
#247=LINE('',#4323,#546);
#248=LINE('',#4325,#547);
#249=LINE('',#4329,#548);
#250=LINE('',#4331,#549);
#251=LINE('',#4335,#550);
#252=LINE('',#4337,#551);
#253=LINE('',#4339,#552);
#254=LINE('',#4343,#553);
#255=LINE('',#4345,#554);
#256=LINE('',#4349,#555);
#257=LINE('',#4351,#556);
#258=LINE('',#4353,#557);
#259=LINE('',#4357,#558);
#260=LINE('',#4359,#559);
#261=LINE('',#4363,#560);
#262=LINE('',#4365,#561);
#263=LINE('',#4367,#562);
#264=LINE('',#4371,#563);
#265=LINE('',#4373,#564);
#266=LINE('',#4376,#565);
#267=LINE('',#4378,#566);
#268=LINE('',#4380,#567);
#269=LINE('',#4382,#568);
#270=LINE('',#4384,#569);
#271=LINE('',#4386,#570);
#272=LINE('',#4388,#571);
#273=LINE('',#4390,#572);
#274=LINE('',#4392,#573);
#275=LINE('',#4394,#574);
#276=LINE('',#4396,#575);
#277=LINE('',#4398,#576);
#278=LINE('',#4400,#577);
#279=LINE('',#4402,#578);
#280=LINE('',#4404,#579);
#281=LINE('',#4406,#580);
#282=LINE('',#4408,#581);
#283=LINE('',#4410,#582);
#284=LINE('',#4412,#583);
#285=LINE('',#4414,#584);
#286=LINE('',#4416,#585);
#287=LINE('',#4418,#586);
#288=LINE('',#4420,#587);
#289=LINE('',#4422,#588);
#290=LINE('',#4424,#589);
#291=LINE('',#4426,#590);
#292=LINE('',#4428,#591);
#293=LINE('',#4430,#592);
#294=LINE('',#4432,#593);
#295=LINE('',#4434,#594);
#296=LINE('',#4436,#595);
#297=LINE('',#4438,#596);
#298=LINE('',#4440,#597);
#299=LINE('',#4442,#598);
#300=LINE('',#4444,#599);
#301=LINE('',#4446,#600);
#302=LINE('',#4448,#601);
#303=LINE('',#4450,#602);
#304=LINE('',#4452,#603);
#305=LINE('',#4454,#604);
#306=LINE('',#4456,#605);
#307=LINE('',#4458,#606);
#308=LINE('',#4460,#607);
#309=LINE('',#4462,#608);
#310=LINE('',#4464,#609);
#311=LINE('',#4467,#610);
#312=LINE('',#4469,#611);
#313=LINE('',#4471,#612);
#314=LINE('',#4476,#613);
#315=LINE('',#4478,#614);
#316=LINE('',#4480,#615);
#317=LINE('',#4482,#616);
#318=LINE('',#4484,#617);
#319=LINE('',#4486,#618);
#320=LINE('',#4488,#619);
#321=LINE('',#4490,#620);
#322=LINE('',#4491,#621);
#323=LINE('',#4493,#622);
#324=LINE('',#4495,#623);
#325=LINE('',#4497,#624);
#326=LINE('',#4499,#625);
#327=LINE('',#4501,#626);
#328=LINE('',#4502,#627);
#329=LINE('',#4504,#628);
#330=LINE('',#4506,#629);
#331=LINE('',#4508,#630);
#332=LINE('',#4510,#631);
#333=LINE('',#4512,#632);
#334=LINE('',#4514,#633);
#335=LINE('',#4517,#634);
#336=LINE('',#4519,#635);
#337=LINE('',#4521,#636);
#338=LINE('',#4523,#637);
#339=LINE('',#4524,#638);
#340=LINE('',#4525,#639);
#341=LINE('',#4527,#640);
#342=LINE('',#4529,#641);
#343=LINE('',#4531,#642);
#344=LINE('',#4533,#643);
#345=LINE('',#4535,#644);
#346=LINE('',#4536,#645);
#347=LINE('',#4538,#646);
#348=LINE('',#4540,#647);
#349=LINE('',#4542,#648);
#350=LINE('',#4544,#649);
#351=LINE('',#4546,#650);
#352=LINE('',#4548,#651);
#353=LINE('',#4550,#652);
#354=LINE('',#4552,#653);
#355=LINE('',#4554,#654);
#356=LINE('',#4556,#655);
#357=LINE('',#4558,#656);
#358=LINE('',#4559,#657);
#359=LINE('',#4561,#658);
#360=LINE('',#4562,#659);
#361=LINE('',#4563,#660);
#362=LINE('',#4564,#661);
#363=LINE('',#4565,#662);
#364=LINE('',#4567,#663);
#365=LINE('',#4569,#664);
#366=LINE('',#4571,#665);
#367=LINE('',#4573,#666);
#368=LINE('',#4575,#667);
#369=LINE('',#4577,#668);
#370=LINE('',#4579,#669);
#371=LINE('',#4581,#670);
#372=LINE('',#4584,#671);
#373=LINE('',#4585,#672);
#374=LINE('',#4587,#673);
#375=LINE('',#4589,#674);
#376=LINE('',#4591,#675);
#377=LINE('',#4593,#676);
#378=LINE('',#4595,#677);
#379=LINE('',#4597,#678);
#380=LINE('',#4599,#679);
#381=LINE('',#4601,#680);
#382=LINE('',#4603,#681);
#383=LINE('',#4605,#682);
#384=LINE('',#4607,#683);
#385=LINE('',#4609,#684);
#386=LINE('',#4611,#685);
#387=LINE('',#4613,#686);
#388=LINE('',#4615,#687);
#389=LINE('',#4617,#688);
#390=LINE('',#4619,#689);
#391=LINE('',#4621,#690);
#392=LINE('',#4622,#691);
#393=LINE('',#4623,#692);
#394=LINE('',#4625,#693);
#395=LINE('',#4627,#694);
#396=LINE('',#4629,#695);
#397=LINE('',#4631,#696);
#398=LINE('',#4632,#697);
#399=LINE('',#4633,#698);
#400=LINE('',#4635,#699);
#401=LINE('',#4639,#700);
#402=LINE('',#4643,#701);
#403=LINE('',#4645,#702);
#404=LINE('',#4648,#703);
#405=LINE('',#4650,#704);
#406=LINE('',#4652,#705);
#407=LINE('',#4657,#706);
#408=LINE('',#4658,#707);
#409=LINE('',#4660,#708);
#410=LINE('',#4661,#709);
#411=LINE('',#4666,#710);
#412=LINE('',#4667,#711);
#413=LINE('',#4669,#712);
#414=LINE('',#4670,#713);
#415=LINE('',#4673,#714);
#416=VECTOR('',#3375,1000.);
#417=VECTOR('',#3378,1000.);
#418=VECTOR('',#3381,1000.);
#419=VECTOR('',#3382,1000.);
#420=VECTOR('',#3383,1000.);
#421=VECTOR('',#3390,1000.);
#422=VECTOR('',#3393,1000.);
#423=VECTOR('',#3394,1000.);
#424=VECTOR('',#3395,1000.);
#425=VECTOR('',#3396,1000.);
#426=VECTOR('',#3397,1000.);
#427=VECTOR('',#3400,1000.);
#428=VECTOR('',#3401,1000.);
#429=VECTOR('',#3402,1000.);
#430=VECTOR('',#3403,1000.);
#431=VECTOR('',#3404,1000.);
#432=VECTOR('',#3407,1000.);
#433=VECTOR('',#3410,1000.);
#434=VECTOR('',#3411,1000.);
#435=VECTOR('',#3418,1000.);
#436=VECTOR('',#3421,1000.);
#437=VECTOR('',#3424,1000.);
#438=VECTOR('',#3425,1000.);
#439=VECTOR('',#3426,1000.);
#440=VECTOR('',#3433,1000.);
#441=VECTOR('',#3436,1000.);
#442=VECTOR('',#3437,1000.);
#443=VECTOR('',#3438,1000.);
#444=VECTOR('',#3439,1000.);
#445=VECTOR('',#3440,1000.);
#446=VECTOR('',#3443,1000.);
#447=VECTOR('',#3444,1000.);
#448=VECTOR('',#3445,1000.);
#449=VECTOR('',#3446,1000.);
#450=VECTOR('',#3447,1000.);
#451=VECTOR('',#3450,1000.);
#452=VECTOR('',#3453,1000.);
#453=VECTOR('',#3454,1000.);
#454=VECTOR('',#3461,1000.);
#455=VECTOR('',#3464,1000.);
#456=VECTOR('',#3467,1000.);
#457=VECTOR('',#3468,1000.);
#458=VECTOR('',#3469,1000.);
#459=VECTOR('',#3476,1000.);
#460=VECTOR('',#3479,1000.);
#461=VECTOR('',#3480,1000.);
#462=VECTOR('',#3481,1000.);
#463=VECTOR('',#3482,1000.);
#464=VECTOR('',#3483,1000.);
#465=VECTOR('',#3486,1000.);
#466=VECTOR('',#3487,1000.);
#467=VECTOR('',#3488,1000.);
#468=VECTOR('',#3489,1000.);
#469=VECTOR('',#3490,1000.);
#470=VECTOR('',#3493,1000.);
#471=VECTOR('',#3496,1000.);
#472=VECTOR('',#3497,1000.);
#473=VECTOR('',#3504,1000.);
#474=VECTOR('',#3507,1000.);
#475=VECTOR('',#3510,1000.);
#476=VECTOR('',#3511,1000.);
#477=VECTOR('',#3512,1000.);
#478=VECTOR('',#3519,1000.);
#479=VECTOR('',#3522,1000.);
#480=VECTOR('',#3523,1000.);
#481=VECTOR('',#3524,1000.);
#482=VECTOR('',#3525,1000.);
#483=VECTOR('',#3526,1000.);
#484=VECTOR('',#3529,1000.);
#485=VECTOR('',#3530,1000.);
#486=VECTOR('',#3531,1000.);
#487=VECTOR('',#3532,1000.);
#488=VECTOR('',#3533,1000.);
#489=VECTOR('',#3536,1000.);
#490=VECTOR('',#3539,1000.);
#491=VECTOR('',#3540,1000.);
#492=VECTOR('',#3545,1000.);
#493=VECTOR('',#3546,1000.);
#494=VECTOR('',#3547,1000.);
#495=VECTOR('',#3548,1000.);
#496=VECTOR('',#3553,1000.);
#497=VECTOR('',#3554,1000.);
#498=VECTOR('',#3557,1000.);
#499=VECTOR('',#3560,1000.);
#500=VECTOR('',#3561,1000.);
#501=VECTOR('',#3562,1000.);
#502=VECTOR('',#3563,1000.);
#503=VECTOR('',#3568,1000.);
#504=VECTOR('',#3569,1000.);
#505=VECTOR('',#3572,1000.);
#506=VECTOR('',#3575,1000.);
#507=VECTOR('',#3576,1000.);
#508=VECTOR('',#3577,1000.);
#509=VECTOR('',#3578,1000.);
#510=VECTOR('',#3583,1000.);
#511=VECTOR('',#3584,1000.);
#512=VECTOR('',#3587,1000.);
#513=VECTOR('',#3590,1000.);
#514=VECTOR('',#3591,1000.);
#515=VECTOR('',#3592,1000.);
#516=VECTOR('',#3593,1000.);
#517=VECTOR('',#3598,1000.);
#518=VECTOR('',#3599,1000.);
#519=VECTOR('',#3602,1000.);
#520=VECTOR('',#3605,1000.);
#521=VECTOR('',#3606,1000.);
#522=VECTOR('',#3607,1000.);
#523=VECTOR('',#3608,1000.);
#524=VECTOR('',#3613,1000.);
#525=VECTOR('',#3614,1000.);
#526=VECTOR('',#3617,1000.);
#527=VECTOR('',#3624,1000.);
#528=VECTOR('',#3625,1000.);
#529=VECTOR('',#3626,1000.);
#530=VECTOR('',#3627,1000.);
#531=VECTOR('',#3630,1000.);
#532=VECTOR('',#3631,1000.);
#533=VECTOR('',#3632,1000.);
#534=VECTOR('',#3633,1000.);
#535=VECTOR('',#3636,1000.);
#536=VECTOR('',#3637,1000.);
#537=VECTOR('',#3638,1000.);
#538=VECTOR('',#3639,1000.);
#539=VECTOR('',#3642,1000.);
#540=VECTOR('',#3645,1000.);
#541=VECTOR('',#3648,1000.);
#542=VECTOR('',#3649,1000.);
#543=VECTOR('',#3654,1000.);
#544=VECTOR('',#3657,1000.);
#545=VECTOR('',#3660,1000.);
#546=VECTOR('',#3663,1000.);
#547=VECTOR('',#3664,1000.);
#548=VECTOR('',#3669,1000.);
#549=VECTOR('',#3672,1000.);
#550=VECTOR('',#3675,1000.);
#551=VECTOR('',#3678,1000.);
#552=VECTOR('',#3679,1000.);
#553=VECTOR('',#3684,1000.);
#554=VECTOR('',#3687,1000.);
#555=VECTOR('',#3690,1000.);
#556=VECTOR('',#3693,1000.);
#557=VECTOR('',#3694,1000.);
#558=VECTOR('',#3699,1000.);
#559=VECTOR('',#3702,1000.);
#560=VECTOR('',#3705,1000.);
#561=VECTOR('',#3708,1000.);
#562=VECTOR('',#3709,1000.);
#563=VECTOR('',#3714,1000.);
#564=VECTOR('',#3717,1000.);
#565=VECTOR('',#3718,1000.);
#566=VECTOR('',#3719,1000.);
#567=VECTOR('',#3720,1000.);
#568=VECTOR('',#3723,1000.);
#569=VECTOR('',#3724,1000.);
#570=VECTOR('',#3725,1000.);
#571=VECTOR('',#3728,1000.);
#572=VECTOR('',#3729,1000.);
#573=VECTOR('',#3730,1000.);
#574=VECTOR('',#3733,1000.);
#575=VECTOR('',#3734,1000.);
#576=VECTOR('',#3735,1000.);
#577=VECTOR('',#3738,1000.);
#578=VECTOR('',#3739,1000.);
#579=VECTOR('',#3742,1000.);
#580=VECTOR('',#3743,1000.);
#581=VECTOR('',#3746,1000.);
#582=VECTOR('',#3747,1000.);
#583=VECTOR('',#3748,1000.);
#584=VECTOR('',#3751,1000.);
#585=VECTOR('',#3752,1000.);
#586=VECTOR('',#3755,1000.);
#587=VECTOR('',#3756,1000.);
#588=VECTOR('',#3759,1000.);
#589=VECTOR('',#3760,1000.);
#590=VECTOR('',#3761,1000.);
#591=VECTOR('',#3764,1000.);
#592=VECTOR('',#3765,1000.);
#593=VECTOR('',#3768,1000.);
#594=VECTOR('',#3769,1000.);
#595=VECTOR('',#3772,1000.);
#596=VECTOR('',#3773,1000.);
#597=VECTOR('',#3774,1000.);
#598=VECTOR('',#3777,1000.);
#599=VECTOR('',#3778,1000.);
#600=VECTOR('',#3781,1000.);
#601=VECTOR('',#3782,1000.);
#602=VECTOR('',#3785,1000.);
#603=VECTOR('',#3786,1000.);
#604=VECTOR('',#3787,1000.);
#605=VECTOR('',#3790,1000.);
#606=VECTOR('',#3791,1000.);
#607=VECTOR('',#3794,1000.);
#608=VECTOR('',#3795,1000.);
#609=VECTOR('',#3798,1000.);
#610=VECTOR('',#3799,1000.);
#611=VECTOR('',#3800,1000.);
#612=VECTOR('',#3801,1000.);
#613=VECTOR('',#3808,1000.);
#614=VECTOR('',#3809,1000.);
#615=VECTOR('',#3810,1000.);
#616=VECTOR('',#3813,1000.);
#617=VECTOR('',#3814,1000.);
#618=VECTOR('',#3815,1000.);
#619=VECTOR('',#3816,1000.);
#620=VECTOR('',#3819,1000.);
#621=VECTOR('',#3820,1000.);
#622=VECTOR('',#3821,1000.);
#623=VECTOR('',#3822,1000.);
#624=VECTOR('',#3825,1000.);
#625=VECTOR('',#3826,1000.);
#626=VECTOR('',#3829,1000.);
#627=VECTOR('',#3830,1000.);
#628=VECTOR('',#3833,1000.);
#629=VECTOR('',#3834,1000.);
#630=VECTOR('',#3835,1000.);
#631=VECTOR('',#3838,1000.);
#632=VECTOR('',#3839,1000.);
#633=VECTOR('',#3842,1000.);
#634=VECTOR('',#3843,1000.);
#635=VECTOR('',#3844,1000.);
#636=VECTOR('',#3845,1000.);
#637=VECTOR('',#3848,1000.);
#638=VECTOR('',#3849,1000.);
#639=VECTOR('',#3850,1000.);
#640=VECTOR('',#3851,1000.);
#641=VECTOR('',#3852,1000.);
#642=VECTOR('',#3853,1000.);
#643=VECTOR('',#3854,1000.);
#644=VECTOR('',#3855,1000.);
#645=VECTOR('',#3856,1000.);
#646=VECTOR('',#3859,1000.);
#647=VECTOR('',#3860,1000.);
#648=VECTOR('',#3861,1000.);
#649=VECTOR('',#3864,1000.);
#650=VECTOR('',#3865,1000.);
#651=VECTOR('',#3868,1000.);
#652=VECTOR('',#3869,1000.);
#653=VECTOR('',#3872,1000.);
#654=VECTOR('',#3873,1000.);
#655=VECTOR('',#3876,1000.);
#656=VECTOR('',#3877,1000.);
#657=VECTOR('',#3878,1000.);
#658=VECTOR('',#3879,1000.);
#659=VECTOR('',#3880,1000.);
#660=VECTOR('',#3881,1000.);
#661=VECTOR('',#3882,1000.);
#662=VECTOR('',#3883,1000.);
#663=VECTOR('',#3886,1000.);
#664=VECTOR('',#3887,1000.);
#665=VECTOR('',#3888,1000.);
#666=VECTOR('',#3891,1000.);
#667=VECTOR('',#3892,1000.);
#668=VECTOR('',#3893,1000.);
#669=VECTOR('',#3896,1000.);
#670=VECTOR('',#3899,1000.);
#671=VECTOR('',#3900,1000.);
#672=VECTOR('',#3901,1000.);
#673=VECTOR('',#3904,1000.);
#674=VECTOR('',#3905,1000.);
#675=VECTOR('',#3906,1000.);
#676=VECTOR('',#3909,1000.);
#677=VECTOR('',#3910,1000.);
#678=VECTOR('',#3913,1000.);
#679=VECTOR('',#3914,1000.);
#680=VECTOR('',#3917,1000.);
#681=VECTOR('',#3918,1000.);
#682=VECTOR('',#3921,1000.);
#683=VECTOR('',#3922,1000.);
#684=VECTOR('',#3925,1000.);
#685=VECTOR('',#3926,1000.);
#686=VECTOR('',#3929,1000.);
#687=VECTOR('',#3930,1000.);
#688=VECTOR('',#3933,1000.);
#689=VECTOR('',#3934,1000.);
#690=VECTOR('',#3937,1000.);
#691=VECTOR('',#3938,1000.);
#692=VECTOR('',#3939,1000.);
#693=VECTOR('',#3940,1000.);
#694=VECTOR('',#3941,1000.);
#695=VECTOR('',#3942,1000.);
#696=VECTOR('',#3943,1000.);
#697=VECTOR('',#3944,1000.);
#698=VECTOR('',#3945,1000.);
#699=VECTOR('',#3948,1000.);
#700=VECTOR('',#3951,1000.);
#701=VECTOR('',#3954,1000.);
#702=VECTOR('',#3957,1000.);
#703=VECTOR('',#3958,1000.);
#704=VECTOR('',#3959,1000.);
#705=VECTOR('',#3960,1000.);
#706=VECTOR('',#3965,1000.);
#707=VECTOR('',#3966,1000.);
#708=VECTOR('',#3969,1000.);
#709=VECTOR('',#3970,1000.);
#710=VECTOR('',#3975,1000.);
#711=VECTOR('',#3976,1000.);
#712=VECTOR('',#3979,1000.);
#713=VECTOR('',#3980,1000.);
#714=VECTOR('',#3985,1000.);
#715=ORIENTED_EDGE('',*,*,#1397,.T.);
#716=ORIENTED_EDGE('',*,*,#1398,.F.);
#717=ORIENTED_EDGE('',*,*,#1399,.F.);
#718=ORIENTED_EDGE('',*,*,#1400,.T.);
#719=ORIENTED_EDGE('',*,*,#1401,.T.);
#720=ORIENTED_EDGE('',*,*,#1400,.F.);
#721=ORIENTED_EDGE('',*,*,#1402,.F.);
#722=ORIENTED_EDGE('',*,*,#1403,.T.);
#723=ORIENTED_EDGE('',*,*,#1404,.T.);
#724=ORIENTED_EDGE('',*,*,#1403,.F.);
#725=ORIENTED_EDGE('',*,*,#1405,.F.);
#726=ORIENTED_EDGE('',*,*,#1406,.T.);
#727=ORIENTED_EDGE('',*,*,#1407,.T.);
#728=ORIENTED_EDGE('',*,*,#1406,.F.);
#729=ORIENTED_EDGE('',*,*,#1408,.F.);
#730=ORIENTED_EDGE('',*,*,#1409,.T.);
#731=ORIENTED_EDGE('',*,*,#1410,.T.);
#732=ORIENTED_EDGE('',*,*,#1411,.T.);
#733=ORIENTED_EDGE('',*,*,#1412,.T.);
#734=ORIENTED_EDGE('',*,*,#1413,.F.);
#735=ORIENTED_EDGE('',*,*,#1414,.T.);
#736=ORIENTED_EDGE('',*,*,#1415,.T.);
#737=ORIENTED_EDGE('',*,*,#1416,.F.);
#738=ORIENTED_EDGE('',*,*,#1398,.T.);
#739=ORIENTED_EDGE('',*,*,#1397,.F.);
#740=ORIENTED_EDGE('',*,*,#1401,.F.);
#741=ORIENTED_EDGE('',*,*,#1404,.F.);
#742=ORIENTED_EDGE('',*,*,#1407,.F.);
#743=ORIENTED_EDGE('',*,*,#1417,.T.);
#744=ORIENTED_EDGE('',*,*,#1412,.F.);
#745=ORIENTED_EDGE('',*,*,#1418,.T.);
#746=ORIENTED_EDGE('',*,*,#1414,.F.);
#747=ORIENTED_EDGE('',*,*,#1419,.F.);
#748=ORIENTED_EDGE('',*,*,#1410,.F.);
#749=ORIENTED_EDGE('',*,*,#1417,.F.);
#750=ORIENTED_EDGE('',*,*,#1411,.F.);
#751=ORIENTED_EDGE('',*,*,#1419,.T.);
#752=ORIENTED_EDGE('',*,*,#1413,.T.);
#753=ORIENTED_EDGE('',*,*,#1420,.T.);
#754=ORIENTED_EDGE('',*,*,#1421,.F.);
#755=ORIENTED_EDGE('',*,*,#1422,.F.);
#756=ORIENTED_EDGE('',*,*,#1423,.T.);
#757=ORIENTED_EDGE('',*,*,#1424,.T.);
#758=ORIENTED_EDGE('',*,*,#1423,.F.);
#759=ORIENTED_EDGE('',*,*,#1425,.F.);
#760=ORIENTED_EDGE('',*,*,#1426,.T.);
#761=ORIENTED_EDGE('',*,*,#1427,.T.);
#762=ORIENTED_EDGE('',*,*,#1426,.F.);
#763=ORIENTED_EDGE('',*,*,#1428,.F.);
#764=ORIENTED_EDGE('',*,*,#1429,.T.);
#765=ORIENTED_EDGE('',*,*,#1430,.T.);
#766=ORIENTED_EDGE('',*,*,#1429,.F.);
#767=ORIENTED_EDGE('',*,*,#1431,.F.);
#768=ORIENTED_EDGE('',*,*,#1432,.T.);
#769=ORIENTED_EDGE('',*,*,#1433,.T.);
#770=ORIENTED_EDGE('',*,*,#1434,.T.);
#771=ORIENTED_EDGE('',*,*,#1435,.T.);
#772=ORIENTED_EDGE('',*,*,#1436,.F.);
#773=ORIENTED_EDGE('',*,*,#1437,.T.);
#774=ORIENTED_EDGE('',*,*,#1438,.T.);
#775=ORIENTED_EDGE('',*,*,#1439,.F.);
#776=ORIENTED_EDGE('',*,*,#1421,.T.);
#777=ORIENTED_EDGE('',*,*,#1420,.F.);
#778=ORIENTED_EDGE('',*,*,#1424,.F.);
#779=ORIENTED_EDGE('',*,*,#1427,.F.);
#780=ORIENTED_EDGE('',*,*,#1430,.F.);
#781=ORIENTED_EDGE('',*,*,#1440,.T.);
#782=ORIENTED_EDGE('',*,*,#1435,.F.);
#783=ORIENTED_EDGE('',*,*,#1441,.T.);
#784=ORIENTED_EDGE('',*,*,#1437,.F.);
#785=ORIENTED_EDGE('',*,*,#1442,.F.);
#786=ORIENTED_EDGE('',*,*,#1433,.F.);
#787=ORIENTED_EDGE('',*,*,#1440,.F.);
#788=ORIENTED_EDGE('',*,*,#1434,.F.);
#789=ORIENTED_EDGE('',*,*,#1442,.T.);
#790=ORIENTED_EDGE('',*,*,#1436,.T.);
#791=ORIENTED_EDGE('',*,*,#1443,.T.);
#792=ORIENTED_EDGE('',*,*,#1444,.F.);
#793=ORIENTED_EDGE('',*,*,#1445,.F.);
#794=ORIENTED_EDGE('',*,*,#1446,.T.);
#795=ORIENTED_EDGE('',*,*,#1447,.T.);
#796=ORIENTED_EDGE('',*,*,#1446,.F.);
#797=ORIENTED_EDGE('',*,*,#1448,.F.);
#798=ORIENTED_EDGE('',*,*,#1449,.T.);
#799=ORIENTED_EDGE('',*,*,#1450,.T.);
#800=ORIENTED_EDGE('',*,*,#1449,.F.);
#801=ORIENTED_EDGE('',*,*,#1451,.F.);
#802=ORIENTED_EDGE('',*,*,#1452,.T.);
#803=ORIENTED_EDGE('',*,*,#1453,.T.);
#804=ORIENTED_EDGE('',*,*,#1452,.F.);
#805=ORIENTED_EDGE('',*,*,#1454,.F.);
#806=ORIENTED_EDGE('',*,*,#1455,.T.);
#807=ORIENTED_EDGE('',*,*,#1456,.T.);
#808=ORIENTED_EDGE('',*,*,#1457,.T.);
#809=ORIENTED_EDGE('',*,*,#1458,.T.);
#810=ORIENTED_EDGE('',*,*,#1459,.F.);
#811=ORIENTED_EDGE('',*,*,#1460,.T.);
#812=ORIENTED_EDGE('',*,*,#1461,.T.);
#813=ORIENTED_EDGE('',*,*,#1462,.F.);
#814=ORIENTED_EDGE('',*,*,#1444,.T.);
#815=ORIENTED_EDGE('',*,*,#1443,.F.);
#816=ORIENTED_EDGE('',*,*,#1447,.F.);
#817=ORIENTED_EDGE('',*,*,#1450,.F.);
#818=ORIENTED_EDGE('',*,*,#1453,.F.);
#819=ORIENTED_EDGE('',*,*,#1463,.T.);
#820=ORIENTED_EDGE('',*,*,#1458,.F.);
#821=ORIENTED_EDGE('',*,*,#1464,.T.);
#822=ORIENTED_EDGE('',*,*,#1460,.F.);
#823=ORIENTED_EDGE('',*,*,#1465,.F.);
#824=ORIENTED_EDGE('',*,*,#1456,.F.);
#825=ORIENTED_EDGE('',*,*,#1463,.F.);
#826=ORIENTED_EDGE('',*,*,#1457,.F.);
#827=ORIENTED_EDGE('',*,*,#1465,.T.);
#828=ORIENTED_EDGE('',*,*,#1459,.T.);
#829=ORIENTED_EDGE('',*,*,#1466,.T.);
#830=ORIENTED_EDGE('',*,*,#1467,.F.);
#831=ORIENTED_EDGE('',*,*,#1468,.F.);
#832=ORIENTED_EDGE('',*,*,#1469,.T.);
#833=ORIENTED_EDGE('',*,*,#1470,.T.);
#834=ORIENTED_EDGE('',*,*,#1469,.F.);
#835=ORIENTED_EDGE('',*,*,#1471,.F.);
#836=ORIENTED_EDGE('',*,*,#1472,.T.);
#837=ORIENTED_EDGE('',*,*,#1473,.T.);
#838=ORIENTED_EDGE('',*,*,#1472,.F.);
#839=ORIENTED_EDGE('',*,*,#1474,.F.);
#840=ORIENTED_EDGE('',*,*,#1475,.T.);
#841=ORIENTED_EDGE('',*,*,#1476,.T.);
#842=ORIENTED_EDGE('',*,*,#1475,.F.);
#843=ORIENTED_EDGE('',*,*,#1477,.F.);
#844=ORIENTED_EDGE('',*,*,#1478,.T.);
#845=ORIENTED_EDGE('',*,*,#1479,.T.);
#846=ORIENTED_EDGE('',*,*,#1480,.T.);
#847=ORIENTED_EDGE('',*,*,#1481,.T.);
#848=ORIENTED_EDGE('',*,*,#1482,.F.);
#849=ORIENTED_EDGE('',*,*,#1483,.T.);
#850=ORIENTED_EDGE('',*,*,#1484,.T.);
#851=ORIENTED_EDGE('',*,*,#1485,.F.);
#852=ORIENTED_EDGE('',*,*,#1467,.T.);
#853=ORIENTED_EDGE('',*,*,#1466,.F.);
#854=ORIENTED_EDGE('',*,*,#1470,.F.);
#855=ORIENTED_EDGE('',*,*,#1473,.F.);
#856=ORIENTED_EDGE('',*,*,#1476,.F.);
#857=ORIENTED_EDGE('',*,*,#1486,.T.);
#858=ORIENTED_EDGE('',*,*,#1481,.F.);
#859=ORIENTED_EDGE('',*,*,#1487,.T.);
#860=ORIENTED_EDGE('',*,*,#1483,.F.);
#861=ORIENTED_EDGE('',*,*,#1488,.F.);
#862=ORIENTED_EDGE('',*,*,#1479,.F.);
#863=ORIENTED_EDGE('',*,*,#1486,.F.);
#864=ORIENTED_EDGE('',*,*,#1480,.F.);
#865=ORIENTED_EDGE('',*,*,#1488,.T.);
#866=ORIENTED_EDGE('',*,*,#1482,.T.);
#867=ORIENTED_EDGE('',*,*,#1489,.T.);
#868=ORIENTED_EDGE('',*,*,#1490,.F.);
#869=ORIENTED_EDGE('',*,*,#1491,.F.);
#870=ORIENTED_EDGE('',*,*,#1492,.T.);
#871=ORIENTED_EDGE('',*,*,#1493,.T.);
#872=ORIENTED_EDGE('',*,*,#1494,.T.);
#873=ORIENTED_EDGE('',*,*,#1489,.F.);
#874=ORIENTED_EDGE('',*,*,#1495,.T.);
#875=ORIENTED_EDGE('',*,*,#1496,.T.);
#876=ORIENTED_EDGE('',*,*,#1497,.T.);
#877=ORIENTED_EDGE('',*,*,#1498,.T.);
#878=ORIENTED_EDGE('',*,*,#1499,.F.);
#879=ORIENTED_EDGE('',*,*,#1500,.F.);
#880=ORIENTED_EDGE('',*,*,#1501,.T.);
#881=ORIENTED_EDGE('',*,*,#1502,.T.);
#882=ORIENTED_EDGE('',*,*,#1503,.T.);
#883=ORIENTED_EDGE('',*,*,#1498,.F.);
#884=ORIENTED_EDGE('',*,*,#1504,.T.);
#885=ORIENTED_EDGE('',*,*,#1505,.T.);
#886=ORIENTED_EDGE('',*,*,#1506,.T.);
#887=ORIENTED_EDGE('',*,*,#1507,.T.);
#888=ORIENTED_EDGE('',*,*,#1508,.F.);
#889=ORIENTED_EDGE('',*,*,#1509,.F.);
#890=ORIENTED_EDGE('',*,*,#1510,.T.);
#891=ORIENTED_EDGE('',*,*,#1511,.T.);
#892=ORIENTED_EDGE('',*,*,#1512,.T.);
#893=ORIENTED_EDGE('',*,*,#1507,.F.);
#894=ORIENTED_EDGE('',*,*,#1513,.T.);
#895=ORIENTED_EDGE('',*,*,#1514,.T.);
#896=ORIENTED_EDGE('',*,*,#1515,.T.);
#897=ORIENTED_EDGE('',*,*,#1516,.T.);
#898=ORIENTED_EDGE('',*,*,#1517,.F.);
#899=ORIENTED_EDGE('',*,*,#1518,.F.);
#900=ORIENTED_EDGE('',*,*,#1519,.T.);
#901=ORIENTED_EDGE('',*,*,#1520,.T.);
#902=ORIENTED_EDGE('',*,*,#1521,.T.);
#903=ORIENTED_EDGE('',*,*,#1516,.F.);
#904=ORIENTED_EDGE('',*,*,#1522,.T.);
#905=ORIENTED_EDGE('',*,*,#1523,.T.);
#906=ORIENTED_EDGE('',*,*,#1524,.T.);
#907=ORIENTED_EDGE('',*,*,#1525,.T.);
#908=ORIENTED_EDGE('',*,*,#1526,.F.);
#909=ORIENTED_EDGE('',*,*,#1527,.F.);
#910=ORIENTED_EDGE('',*,*,#1528,.T.);
#911=ORIENTED_EDGE('',*,*,#1529,.T.);
#912=ORIENTED_EDGE('',*,*,#1530,.T.);
#913=ORIENTED_EDGE('',*,*,#1525,.F.);
#914=ORIENTED_EDGE('',*,*,#1531,.T.);
#915=ORIENTED_EDGE('',*,*,#1532,.T.);
#916=ORIENTED_EDGE('',*,*,#1533,.T.);
#917=ORIENTED_EDGE('',*,*,#1534,.F.);
#918=ORIENTED_EDGE('',*,*,#1535,.F.);
#919=ORIENTED_EDGE('',*,*,#1536,.F.);
#920=ORIENTED_EDGE('',*,*,#1537,.T.);
#921=ORIENTED_EDGE('',*,*,#1538,.T.);
#922=ORIENTED_EDGE('',*,*,#1539,.F.);
#923=ORIENTED_EDGE('',*,*,#1540,.F.);
#924=ORIENTED_EDGE('',*,*,#1541,.T.);
#925=ORIENTED_EDGE('',*,*,#1542,.T.);
#926=ORIENTED_EDGE('',*,*,#1543,.T.);
#927=ORIENTED_EDGE('',*,*,#1544,.F.);
#928=ORIENTED_EDGE('',*,*,#1545,.F.);
#929=ORIENTED_EDGE('',*,*,#1546,.T.);
#930=ORIENTED_EDGE('',*,*,#1532,.F.);
#931=ORIENTED_EDGE('',*,*,#1547,.F.);
#932=ORIENTED_EDGE('',*,*,#1548,.T.);
#933=ORIENTED_EDGE('',*,*,#1549,.T.);
#934=ORIENTED_EDGE('',*,*,#1533,.F.);
#935=ORIENTED_EDGE('',*,*,#1549,.F.);
#936=ORIENTED_EDGE('',*,*,#1550,.T.);
#937=ORIENTED_EDGE('',*,*,#1551,.T.);
#938=ORIENTED_EDGE('',*,*,#1529,.F.);
#939=ORIENTED_EDGE('',*,*,#1551,.F.);
#940=ORIENTED_EDGE('',*,*,#1552,.T.);
#941=ORIENTED_EDGE('',*,*,#1553,.T.);
#942=ORIENTED_EDGE('',*,*,#1523,.F.);
#943=ORIENTED_EDGE('',*,*,#1554,.F.);
#944=ORIENTED_EDGE('',*,*,#1555,.T.);
#945=ORIENTED_EDGE('',*,*,#1556,.T.);
#946=ORIENTED_EDGE('',*,*,#1524,.F.);
#947=ORIENTED_EDGE('',*,*,#1556,.F.);
#948=ORIENTED_EDGE('',*,*,#1557,.T.);
#949=ORIENTED_EDGE('',*,*,#1558,.T.);
#950=ORIENTED_EDGE('',*,*,#1520,.F.);
#951=ORIENTED_EDGE('',*,*,#1558,.F.);
#952=ORIENTED_EDGE('',*,*,#1559,.T.);
#953=ORIENTED_EDGE('',*,*,#1560,.T.);
#954=ORIENTED_EDGE('',*,*,#1514,.F.);
#955=ORIENTED_EDGE('',*,*,#1561,.F.);
#956=ORIENTED_EDGE('',*,*,#1562,.T.);
#957=ORIENTED_EDGE('',*,*,#1563,.T.);
#958=ORIENTED_EDGE('',*,*,#1515,.F.);
#959=ORIENTED_EDGE('',*,*,#1563,.F.);
#960=ORIENTED_EDGE('',*,*,#1564,.T.);
#961=ORIENTED_EDGE('',*,*,#1565,.T.);
#962=ORIENTED_EDGE('',*,*,#1511,.F.);
#963=ORIENTED_EDGE('',*,*,#1565,.F.);
#964=ORIENTED_EDGE('',*,*,#1566,.T.);
#965=ORIENTED_EDGE('',*,*,#1567,.T.);
#966=ORIENTED_EDGE('',*,*,#1505,.F.);
#967=ORIENTED_EDGE('',*,*,#1568,.F.);
#968=ORIENTED_EDGE('',*,*,#1569,.T.);
#969=ORIENTED_EDGE('',*,*,#1570,.T.);
#970=ORIENTED_EDGE('',*,*,#1506,.F.);
#971=ORIENTED_EDGE('',*,*,#1570,.F.);
#972=ORIENTED_EDGE('',*,*,#1571,.T.);
#973=ORIENTED_EDGE('',*,*,#1572,.T.);
#974=ORIENTED_EDGE('',*,*,#1502,.F.);
#975=ORIENTED_EDGE('',*,*,#1572,.F.);
#976=ORIENTED_EDGE('',*,*,#1573,.T.);
#977=ORIENTED_EDGE('',*,*,#1574,.T.);
#978=ORIENTED_EDGE('',*,*,#1496,.F.);
#979=ORIENTED_EDGE('',*,*,#1575,.F.);
#980=ORIENTED_EDGE('',*,*,#1576,.T.);
#981=ORIENTED_EDGE('',*,*,#1577,.T.);
#982=ORIENTED_EDGE('',*,*,#1497,.F.);
#983=ORIENTED_EDGE('',*,*,#1577,.F.);
#984=ORIENTED_EDGE('',*,*,#1578,.T.);
#985=ORIENTED_EDGE('',*,*,#1579,.T.);
#986=ORIENTED_EDGE('',*,*,#1493,.F.);
#987=ORIENTED_EDGE('',*,*,#1579,.F.);
#988=ORIENTED_EDGE('',*,*,#1580,.T.);
#989=ORIENTED_EDGE('',*,*,#1581,.T.);
#990=ORIENTED_EDGE('',*,*,#1582,.F.);
#991=ORIENTED_EDGE('',*,*,#1583,.F.);
#992=ORIENTED_EDGE('',*,*,#1584,.T.);
#993=ORIENTED_EDGE('',*,*,#1585,.T.);
#994=ORIENTED_EDGE('',*,*,#1586,.F.);
#995=ORIENTED_EDGE('',*,*,#1585,.F.);
#996=ORIENTED_EDGE('',*,*,#1587,.T.);
#997=ORIENTED_EDGE('',*,*,#1588,.T.);
#998=ORIENTED_EDGE('',*,*,#1589,.F.);
#999=ORIENTED_EDGE('',*,*,#1588,.F.);
#1000=ORIENTED_EDGE('',*,*,#1590,.T.);
#1001=ORIENTED_EDGE('',*,*,#1591,.T.);
#1002=ORIENTED_EDGE('',*,*,#1494,.F.);
#1003=ORIENTED_EDGE('',*,*,#1581,.F.);
#1004=ORIENTED_EDGE('',*,*,#1592,.T.);
#1005=ORIENTED_EDGE('',*,*,#1593,.F.);
#1006=ORIENTED_EDGE('',*,*,#1594,.F.);
#1007=ORIENTED_EDGE('',*,*,#1490,.T.);
#1008=ORIENTED_EDGE('',*,*,#1595,.T.);
#1009=ORIENTED_EDGE('',*,*,#1596,.T.);
#1010=ORIENTED_EDGE('',*,*,#1491,.T.);
#1011=ORIENTED_EDGE('',*,*,#1594,.T.);
#1012=ORIENTED_EDGE('',*,*,#1495,.F.);
#1013=ORIENTED_EDGE('',*,*,#1492,.F.);
#1014=ORIENTED_EDGE('',*,*,#1596,.F.);
#1015=ORIENTED_EDGE('',*,*,#1597,.T.);
#1016=ORIENTED_EDGE('',*,*,#1598,.T.);
#1017=ORIENTED_EDGE('',*,*,#1575,.T.);
#1018=ORIENTED_EDGE('',*,*,#1503,.F.);
#1019=ORIENTED_EDGE('',*,*,#1574,.F.);
#1020=ORIENTED_EDGE('',*,*,#1599,.T.);
#1021=ORIENTED_EDGE('',*,*,#1600,.F.);
#1022=ORIENTED_EDGE('',*,*,#1601,.F.);
#1023=ORIENTED_EDGE('',*,*,#1499,.T.);
#1024=ORIENTED_EDGE('',*,*,#1602,.T.);
#1025=ORIENTED_EDGE('',*,*,#1603,.T.);
#1026=ORIENTED_EDGE('',*,*,#1500,.T.);
#1027=ORIENTED_EDGE('',*,*,#1601,.T.);
#1028=ORIENTED_EDGE('',*,*,#1504,.F.);
#1029=ORIENTED_EDGE('',*,*,#1501,.F.);
#1030=ORIENTED_EDGE('',*,*,#1603,.F.);
#1031=ORIENTED_EDGE('',*,*,#1604,.T.);
#1032=ORIENTED_EDGE('',*,*,#1605,.T.);
#1033=ORIENTED_EDGE('',*,*,#1568,.T.);
#1034=ORIENTED_EDGE('',*,*,#1512,.F.);
#1035=ORIENTED_EDGE('',*,*,#1567,.F.);
#1036=ORIENTED_EDGE('',*,*,#1606,.T.);
#1037=ORIENTED_EDGE('',*,*,#1607,.F.);
#1038=ORIENTED_EDGE('',*,*,#1608,.F.);
#1039=ORIENTED_EDGE('',*,*,#1508,.T.);
#1040=ORIENTED_EDGE('',*,*,#1609,.T.);
#1041=ORIENTED_EDGE('',*,*,#1610,.T.);
#1042=ORIENTED_EDGE('',*,*,#1509,.T.);
#1043=ORIENTED_EDGE('',*,*,#1608,.T.);
#1044=ORIENTED_EDGE('',*,*,#1513,.F.);
#1045=ORIENTED_EDGE('',*,*,#1510,.F.);
#1046=ORIENTED_EDGE('',*,*,#1610,.F.);
#1047=ORIENTED_EDGE('',*,*,#1611,.T.);
#1048=ORIENTED_EDGE('',*,*,#1612,.T.);
#1049=ORIENTED_EDGE('',*,*,#1561,.T.);
#1050=ORIENTED_EDGE('',*,*,#1521,.F.);
#1051=ORIENTED_EDGE('',*,*,#1560,.F.);
#1052=ORIENTED_EDGE('',*,*,#1613,.T.);
#1053=ORIENTED_EDGE('',*,*,#1614,.F.);
#1054=ORIENTED_EDGE('',*,*,#1615,.F.);
#1055=ORIENTED_EDGE('',*,*,#1517,.T.);
#1056=ORIENTED_EDGE('',*,*,#1616,.T.);
#1057=ORIENTED_EDGE('',*,*,#1617,.T.);
#1058=ORIENTED_EDGE('',*,*,#1518,.T.);
#1059=ORIENTED_EDGE('',*,*,#1615,.T.);
#1060=ORIENTED_EDGE('',*,*,#1522,.F.);
#1061=ORIENTED_EDGE('',*,*,#1519,.F.);
#1062=ORIENTED_EDGE('',*,*,#1617,.F.);
#1063=ORIENTED_EDGE('',*,*,#1618,.T.);
#1064=ORIENTED_EDGE('',*,*,#1619,.T.);
#1065=ORIENTED_EDGE('',*,*,#1554,.T.);
#1066=ORIENTED_EDGE('',*,*,#1530,.F.);
#1067=ORIENTED_EDGE('',*,*,#1553,.F.);
#1068=ORIENTED_EDGE('',*,*,#1620,.T.);
#1069=ORIENTED_EDGE('',*,*,#1621,.F.);
#1070=ORIENTED_EDGE('',*,*,#1622,.F.);
#1071=ORIENTED_EDGE('',*,*,#1526,.T.);
#1072=ORIENTED_EDGE('',*,*,#1623,.T.);
#1073=ORIENTED_EDGE('',*,*,#1624,.T.);
#1074=ORIENTED_EDGE('',*,*,#1527,.T.);
#1075=ORIENTED_EDGE('',*,*,#1622,.T.);
#1076=ORIENTED_EDGE('',*,*,#1531,.F.);
#1077=ORIENTED_EDGE('',*,*,#1528,.F.);
#1078=ORIENTED_EDGE('',*,*,#1624,.F.);
#1079=ORIENTED_EDGE('',*,*,#1625,.T.);
#1080=ORIENTED_EDGE('',*,*,#1626,.T.);
#1081=ORIENTED_EDGE('',*,*,#1547,.T.);
#1082=ORIENTED_EDGE('',*,*,#1627,.F.);
#1083=ORIENTED_EDGE('',*,*,#1628,.F.);
#1084=ORIENTED_EDGE('',*,*,#1629,.T.);
#1085=ORIENTED_EDGE('',*,*,#1630,.T.);
#1086=ORIENTED_EDGE('',*,*,#1534,.T.);
#1087=ORIENTED_EDGE('',*,*,#1631,.F.);
#1088=ORIENTED_EDGE('',*,*,#1632,.F.);
#1089=ORIENTED_EDGE('',*,*,#1537,.F.);
#1090=ORIENTED_EDGE('',*,*,#1633,.F.);
#1091=ORIENTED_EDGE('',*,*,#1634,.F.);
#1092=ORIENTED_EDGE('',*,*,#1635,.F.);
#1093=ORIENTED_EDGE('',*,*,#1538,.F.);
#1094=ORIENTED_EDGE('',*,*,#1632,.T.);
#1095=ORIENTED_EDGE('',*,*,#1636,.F.);
#1096=ORIENTED_EDGE('',*,*,#1637,.F.);
#1097=ORIENTED_EDGE('',*,*,#1638,.T.);
#1098=ORIENTED_EDGE('',*,*,#1639,.F.);
#1099=ORIENTED_EDGE('',*,*,#1591,.F.);
#1100=ORIENTED_EDGE('',*,*,#1640,.T.);
#1101=ORIENTED_EDGE('',*,*,#1641,.F.);
#1102=ORIENTED_EDGE('',*,*,#1642,.T.);
#1103=ORIENTED_EDGE('',*,*,#1540,.T.);
#1104=ORIENTED_EDGE('',*,*,#1541,.F.);
#1105=ORIENTED_EDGE('',*,*,#1642,.F.);
#1106=ORIENTED_EDGE('',*,*,#1643,.F.);
#1107=ORIENTED_EDGE('',*,*,#1644,.F.);
#1108=ORIENTED_EDGE('',*,*,#1645,.F.);
#1109=ORIENTED_EDGE('',*,*,#1542,.F.);
#1110=ORIENTED_EDGE('',*,*,#1644,.T.);
#1111=ORIENTED_EDGE('',*,*,#1646,.T.);
#1112=ORIENTED_EDGE('',*,*,#1633,.T.);
#1113=ORIENTED_EDGE('',*,*,#1536,.T.);
#1114=ORIENTED_EDGE('',*,*,#1647,.T.);
#1115=ORIENTED_EDGE('',*,*,#1648,.T.);
#1116=ORIENTED_EDGE('',*,*,#1649,.T.);
#1117=ORIENTED_EDGE('',*,*,#1637,.T.);
#1118=ORIENTED_EDGE('',*,*,#1650,.T.);
#1119=ORIENTED_EDGE('',*,*,#1638,.F.);
#1120=ORIENTED_EDGE('',*,*,#1649,.F.);
#1121=ORIENTED_EDGE('',*,*,#1651,.T.);
#1122=ORIENTED_EDGE('',*,*,#1652,.F.);
#1123=ORIENTED_EDGE('',*,*,#1653,.F.);
#1124=ORIENTED_EDGE('',*,*,#1654,.T.);
#1125=ORIENTED_EDGE('',*,*,#1655,.T.);
#1126=ORIENTED_EDGE('',*,*,#1627,.T.);
#1127=ORIENTED_EDGE('',*,*,#1656,.T.);
#1128=ORIENTED_EDGE('',*,*,#1543,.F.);
#1129=ORIENTED_EDGE('',*,*,#1657,.T.);
#1130=ORIENTED_EDGE('',*,*,#1582,.T.);
#1131=ORIENTED_EDGE('',*,*,#1586,.T.);
#1132=ORIENTED_EDGE('',*,*,#1589,.T.);
#1133=ORIENTED_EDGE('',*,*,#1639,.T.);
#1134=ORIENTED_EDGE('',*,*,#1539,.T.);
#1135=ORIENTED_EDGE('',*,*,#1645,.T.);
#1136=ORIENTED_EDGE('',*,*,#1535,.T.);
#1137=ORIENTED_EDGE('',*,*,#1635,.T.);
#1138=ORIENTED_EDGE('',*,*,#1650,.F.);
#1139=ORIENTED_EDGE('',*,*,#1658,.T.);
#1140=ORIENTED_EDGE('',*,*,#1659,.T.);
#1141=ORIENTED_EDGE('',*,*,#1660,.T.);
#1142=ORIENTED_EDGE('',*,*,#1661,.T.);
#1143=ORIENTED_EDGE('',*,*,#1662,.T.);
#1144=ORIENTED_EDGE('',*,*,#1663,.T.);
#1145=ORIENTED_EDGE('',*,*,#1652,.T.);
#1146=ORIENTED_EDGE('',*,*,#1664,.T.);
#1147=ORIENTED_EDGE('',*,*,#1665,.F.);
#1148=ORIENTED_EDGE('',*,*,#1629,.F.);
#1149=ORIENTED_EDGE('',*,*,#1666,.F.);
#1150=ORIENTED_EDGE('',*,*,#1667,.F.);
#1151=ORIENTED_EDGE('',*,*,#1656,.F.);
#1152=ORIENTED_EDGE('',*,*,#1630,.F.);
#1153=ORIENTED_EDGE('',*,*,#1665,.T.);
#1154=ORIENTED_EDGE('',*,*,#1668,.F.);
#1155=ORIENTED_EDGE('',*,*,#1669,.F.);
#1156=ORIENTED_EDGE('',*,*,#1544,.T.);
#1157=ORIENTED_EDGE('',*,*,#1670,.T.);
#1158=ORIENTED_EDGE('',*,*,#1671,.T.);
#1159=ORIENTED_EDGE('',*,*,#1545,.T.);
#1160=ORIENTED_EDGE('',*,*,#1669,.T.);
#1161=ORIENTED_EDGE('',*,*,#1657,.F.);
#1162=ORIENTED_EDGE('',*,*,#1546,.F.);
#1163=ORIENTED_EDGE('',*,*,#1671,.F.);
#1164=ORIENTED_EDGE('',*,*,#1672,.T.);
#1165=ORIENTED_EDGE('',*,*,#1673,.T.);
#1166=ORIENTED_EDGE('',*,*,#1583,.T.);
#1167=ORIENTED_EDGE('',*,*,#1674,.F.);
#1168=ORIENTED_EDGE('',*,*,#1675,.F.);
#1169=ORIENTED_EDGE('',*,*,#1640,.F.);
#1170=ORIENTED_EDGE('',*,*,#1590,.F.);
#1171=ORIENTED_EDGE('',*,*,#1587,.F.);
#1172=ORIENTED_EDGE('',*,*,#1584,.F.);
#1173=ORIENTED_EDGE('',*,*,#1673,.F.);
#1174=ORIENTED_EDGE('',*,*,#1676,.F.);
#1175=ORIENTED_EDGE('',*,*,#1677,.F.);
#1176=ORIENTED_EDGE('',*,*,#1592,.F.);
#1177=ORIENTED_EDGE('',*,*,#1580,.F.);
#1178=ORIENTED_EDGE('',*,*,#1578,.F.);
#1179=ORIENTED_EDGE('',*,*,#1576,.F.);
#1180=ORIENTED_EDGE('',*,*,#1598,.F.);
#1181=ORIENTED_EDGE('',*,*,#1678,.F.);
#1182=ORIENTED_EDGE('',*,*,#1599,.F.);
#1183=ORIENTED_EDGE('',*,*,#1573,.F.);
#1184=ORIENTED_EDGE('',*,*,#1571,.F.);
#1185=ORIENTED_EDGE('',*,*,#1569,.F.);
#1186=ORIENTED_EDGE('',*,*,#1605,.F.);
#1187=ORIENTED_EDGE('',*,*,#1679,.F.);
#1188=ORIENTED_EDGE('',*,*,#1606,.F.);
#1189=ORIENTED_EDGE('',*,*,#1566,.F.);
#1190=ORIENTED_EDGE('',*,*,#1564,.F.);
#1191=ORIENTED_EDGE('',*,*,#1562,.F.);
#1192=ORIENTED_EDGE('',*,*,#1612,.F.);
#1193=ORIENTED_EDGE('',*,*,#1680,.F.);
#1194=ORIENTED_EDGE('',*,*,#1613,.F.);
#1195=ORIENTED_EDGE('',*,*,#1559,.F.);
#1196=ORIENTED_EDGE('',*,*,#1557,.F.);
#1197=ORIENTED_EDGE('',*,*,#1555,.F.);
#1198=ORIENTED_EDGE('',*,*,#1619,.F.);
#1199=ORIENTED_EDGE('',*,*,#1681,.F.);
#1200=ORIENTED_EDGE('',*,*,#1620,.F.);
#1201=ORIENTED_EDGE('',*,*,#1552,.F.);
#1202=ORIENTED_EDGE('',*,*,#1550,.F.);
#1203=ORIENTED_EDGE('',*,*,#1548,.F.);
#1204=ORIENTED_EDGE('',*,*,#1626,.F.);
#1205=ORIENTED_EDGE('',*,*,#1674,.T.);
#1206=ORIENTED_EDGE('',*,*,#1625,.F.);
#1207=ORIENTED_EDGE('',*,*,#1623,.F.);
#1208=ORIENTED_EDGE('',*,*,#1621,.T.);
#1209=ORIENTED_EDGE('',*,*,#1681,.T.);
#1210=ORIENTED_EDGE('',*,*,#1618,.F.);
#1211=ORIENTED_EDGE('',*,*,#1616,.F.);
#1212=ORIENTED_EDGE('',*,*,#1614,.T.);
#1213=ORIENTED_EDGE('',*,*,#1680,.T.);
#1214=ORIENTED_EDGE('',*,*,#1611,.F.);
#1215=ORIENTED_EDGE('',*,*,#1609,.F.);
#1216=ORIENTED_EDGE('',*,*,#1607,.T.);
#1217=ORIENTED_EDGE('',*,*,#1679,.T.);
#1218=ORIENTED_EDGE('',*,*,#1604,.F.);
#1219=ORIENTED_EDGE('',*,*,#1602,.F.);
#1220=ORIENTED_EDGE('',*,*,#1600,.T.);
#1221=ORIENTED_EDGE('',*,*,#1678,.T.);
#1222=ORIENTED_EDGE('',*,*,#1597,.F.);
#1223=ORIENTED_EDGE('',*,*,#1595,.F.);
#1224=ORIENTED_EDGE('',*,*,#1593,.T.);
#1225=ORIENTED_EDGE('',*,*,#1677,.T.);
#1226=ORIENTED_EDGE('',*,*,#1682,.T.);
#1227=ORIENTED_EDGE('',*,*,#1683,.F.);
#1228=ORIENTED_EDGE('',*,*,#1684,.F.);
#1229=ORIENTED_EDGE('',*,*,#1654,.F.);
#1230=ORIENTED_EDGE('',*,*,#1685,.F.);
#1231=ORIENTED_EDGE('',*,*,#1686,.F.);
#1232=ORIENTED_EDGE('',*,*,#1687,.F.);
#1233=ORIENTED_EDGE('',*,*,#1664,.F.);
#1234=ORIENTED_EDGE('',*,*,#1655,.F.);
#1235=ORIENTED_EDGE('',*,*,#1687,.T.);
#1236=ORIENTED_EDGE('',*,*,#1688,.T.);
#1237=ORIENTED_EDGE('',*,*,#1666,.T.);
#1238=ORIENTED_EDGE('',*,*,#1628,.T.);
#1239=ORIENTED_EDGE('',*,*,#1631,.T.);
#1240=ORIENTED_EDGE('',*,*,#1689,.T.);
#1241=ORIENTED_EDGE('',*,*,#1690,.T.);
#1242=ORIENTED_EDGE('',*,*,#1683,.T.);
#1243=ORIENTED_EDGE('',*,*,#1691,.T.);
#1244=ORIENTED_EDGE('',*,*,#1646,.F.);
#1245=ORIENTED_EDGE('',*,*,#1643,.T.);
#1246=ORIENTED_EDGE('',*,*,#1641,.T.);
#1247=ORIENTED_EDGE('',*,*,#1675,.T.);
#1248=ORIENTED_EDGE('',*,*,#1684,.T.);
#1249=ORIENTED_EDGE('',*,*,#1690,.F.);
#1250=ORIENTED_EDGE('',*,*,#1692,.F.);
#1251=ORIENTED_EDGE('',*,*,#1693,.T.);
#1252=ORIENTED_EDGE('',*,*,#1694,.F.);
#1253=ORIENTED_EDGE('',*,*,#1647,.F.);
#1254=ORIENTED_EDGE('',*,*,#1636,.T.);
#1255=ORIENTED_EDGE('',*,*,#1634,.T.);
#1256=ORIENTED_EDGE('',*,*,#1658,.F.);
#1257=ORIENTED_EDGE('',*,*,#1651,.F.);
#1258=ORIENTED_EDGE('',*,*,#1648,.F.);
#1259=ORIENTED_EDGE('',*,*,#1694,.T.);
#1260=ORIENTED_EDGE('',*,*,#1695,.T.);
#1261=ORIENTED_EDGE('',*,*,#1696,.T.);
#1262=ORIENTED_EDGE('',*,*,#1659,.F.);
#1263=ORIENTED_EDGE('',*,*,#1696,.F.);
#1264=ORIENTED_EDGE('',*,*,#1697,.T.);
#1265=ORIENTED_EDGE('',*,*,#1698,.T.);
#1266=ORIENTED_EDGE('',*,*,#1660,.F.);
#1267=ORIENTED_EDGE('',*,*,#1698,.F.);
#1268=ORIENTED_EDGE('',*,*,#1699,.T.);
#1269=ORIENTED_EDGE('',*,*,#1700,.T.);
#1270=ORIENTED_EDGE('',*,*,#1661,.F.);
#1271=ORIENTED_EDGE('',*,*,#1700,.F.);
#1272=ORIENTED_EDGE('',*,*,#1701,.T.);
#1273=ORIENTED_EDGE('',*,*,#1702,.T.);
#1274=ORIENTED_EDGE('',*,*,#1662,.F.);
#1275=ORIENTED_EDGE('',*,*,#1702,.F.);
#1276=ORIENTED_EDGE('',*,*,#1703,.T.);
#1277=ORIENTED_EDGE('',*,*,#1704,.T.);
#1278=ORIENTED_EDGE('',*,*,#1663,.F.);
#1279=ORIENTED_EDGE('',*,*,#1704,.F.);
#1280=ORIENTED_EDGE('',*,*,#1705,.T.);
#1281=ORIENTED_EDGE('',*,*,#1706,.F.);
#1282=ORIENTED_EDGE('',*,*,#1685,.T.);
#1283=ORIENTED_EDGE('',*,*,#1653,.T.);
#1284=ORIENTED_EDGE('',*,*,#1688,.F.);
#1285=ORIENTED_EDGE('',*,*,#1686,.T.);
#1286=ORIENTED_EDGE('',*,*,#1706,.T.);
#1287=ORIENTED_EDGE('',*,*,#1707,.T.);
#1288=ORIENTED_EDGE('',*,*,#1708,.T.);
#1289=ORIENTED_EDGE('',*,*,#1691,.F.);
#1290=ORIENTED_EDGE('',*,*,#1682,.F.);
#1291=ORIENTED_EDGE('',*,*,#1676,.T.);
#1292=ORIENTED_EDGE('',*,*,#1672,.F.);
#1293=ORIENTED_EDGE('',*,*,#1670,.F.);
#1294=ORIENTED_EDGE('',*,*,#1668,.T.);
#1295=ORIENTED_EDGE('',*,*,#1667,.T.);
#1296=ORIENTED_EDGE('',*,*,#1709,.T.);
#1297=ORIENTED_EDGE('',*,*,#1415,.F.);
#1298=ORIENTED_EDGE('',*,*,#1418,.F.);
#1299=ORIENTED_EDGE('',*,*,#1409,.F.);
#1300=ORIENTED_EDGE('',*,*,#1710,.T.);
#1301=ORIENTED_EDGE('',*,*,#1692,.T.);
#1302=ORIENTED_EDGE('',*,*,#1689,.F.);
#1303=ORIENTED_EDGE('',*,*,#1708,.F.);
#1304=ORIENTED_EDGE('',*,*,#1711,.T.);
#1305=ORIENTED_EDGE('',*,*,#1712,.F.);
#1306=ORIENTED_EDGE('',*,*,#1713,.F.);
#1307=ORIENTED_EDGE('',*,*,#1714,.F.);
#1308=ORIENTED_EDGE('',*,*,#1715,.T.);
#1309=ORIENTED_EDGE('',*,*,#1484,.F.);
#1310=ORIENTED_EDGE('',*,*,#1487,.F.);
#1311=ORIENTED_EDGE('',*,*,#1478,.F.);
#1312=ORIENTED_EDGE('',*,*,#1716,.T.);
#1313=ORIENTED_EDGE('',*,*,#1461,.F.);
#1314=ORIENTED_EDGE('',*,*,#1464,.F.);
#1315=ORIENTED_EDGE('',*,*,#1455,.F.);
#1316=ORIENTED_EDGE('',*,*,#1717,.T.);
#1317=ORIENTED_EDGE('',*,*,#1438,.F.);
#1318=ORIENTED_EDGE('',*,*,#1441,.F.);
#1319=ORIENTED_EDGE('',*,*,#1432,.F.);
#1320=ORIENTED_EDGE('',*,*,#1709,.F.);
#1321=ORIENTED_EDGE('',*,*,#1431,.T.);
#1322=ORIENTED_EDGE('',*,*,#1428,.T.);
#1323=ORIENTED_EDGE('',*,*,#1425,.T.);
#1324=ORIENTED_EDGE('',*,*,#1422,.T.);
#1325=ORIENTED_EDGE('',*,*,#1439,.T.);
#1326=ORIENTED_EDGE('',*,*,#1717,.F.);
#1327=ORIENTED_EDGE('',*,*,#1454,.T.);
#1328=ORIENTED_EDGE('',*,*,#1451,.T.);
#1329=ORIENTED_EDGE('',*,*,#1448,.T.);
#1330=ORIENTED_EDGE('',*,*,#1445,.T.);
#1331=ORIENTED_EDGE('',*,*,#1462,.T.);
#1332=ORIENTED_EDGE('',*,*,#1716,.F.);
#1333=ORIENTED_EDGE('',*,*,#1477,.T.);
#1334=ORIENTED_EDGE('',*,*,#1474,.T.);
#1335=ORIENTED_EDGE('',*,*,#1471,.T.);
#1336=ORIENTED_EDGE('',*,*,#1468,.T.);
#1337=ORIENTED_EDGE('',*,*,#1485,.T.);
#1338=ORIENTED_EDGE('',*,*,#1715,.F.);
#1339=ORIENTED_EDGE('',*,*,#1718,.T.);
#1340=ORIENTED_EDGE('',*,*,#1719,.T.);
#1341=ORIENTED_EDGE('',*,*,#1720,.T.);
#1342=ORIENTED_EDGE('',*,*,#1721,.T.);
#1343=ORIENTED_EDGE('',*,*,#1722,.T.);
#1344=ORIENTED_EDGE('',*,*,#1711,.F.);
#1345=ORIENTED_EDGE('',*,*,#1707,.F.);
#1346=ORIENTED_EDGE('',*,*,#1705,.F.);
#1347=ORIENTED_EDGE('',*,*,#1703,.F.);
#1348=ORIENTED_EDGE('',*,*,#1701,.F.);
#1349=ORIENTED_EDGE('',*,*,#1699,.F.);
#1350=ORIENTED_EDGE('',*,*,#1697,.F.);
#1351=ORIENTED_EDGE('',*,*,#1695,.F.);
#1352=ORIENTED_EDGE('',*,*,#1693,.F.);
#1353=ORIENTED_EDGE('',*,*,#1710,.F.);
#1354=ORIENTED_EDGE('',*,*,#1408,.T.);
#1355=ORIENTED_EDGE('',*,*,#1405,.T.);
#1356=ORIENTED_EDGE('',*,*,#1402,.T.);
#1357=ORIENTED_EDGE('',*,*,#1399,.T.);
#1358=ORIENTED_EDGE('',*,*,#1416,.T.);
#1359=ORIENTED_EDGE('',*,*,#1723,.F.);
#1360=ORIENTED_EDGE('',*,*,#1724,.F.);
#1361=ORIENTED_EDGE('',*,*,#1725,.T.);
#1362=ORIENTED_EDGE('',*,*,#1726,.T.);
#1363=ORIENTED_EDGE('',*,*,#1727,.T.);
#1364=ORIENTED_EDGE('',*,*,#1728,.F.);
#1365=ORIENTED_EDGE('',*,*,#1719,.F.);
#1366=ORIENTED_EDGE('',*,*,#1729,.T.);
#1367=ORIENTED_EDGE('',*,*,#1730,.T.);
#1368=ORIENTED_EDGE('',*,*,#1729,.F.);
#1369=ORIENTED_EDGE('',*,*,#1718,.F.);
#1370=ORIENTED_EDGE('',*,*,#1714,.T.);
#1371=ORIENTED_EDGE('',*,*,#1731,.T.);
#1372=ORIENTED_EDGE('',*,*,#1724,.T.);
#1373=ORIENTED_EDGE('',*,*,#1732,.T.);
#1374=ORIENTED_EDGE('',*,*,#1733,.F.);
#1375=ORIENTED_EDGE('',*,*,#1721,.F.);
#1376=ORIENTED_EDGE('',*,*,#1734,.T.);
#1377=ORIENTED_EDGE('',*,*,#1732,.F.);
#1378=ORIENTED_EDGE('',*,*,#1735,.F.);
#1379=ORIENTED_EDGE('',*,*,#1727,.F.);
#1380=ORIENTED_EDGE('',*,*,#1730,.F.);
#1381=ORIENTED_EDGE('',*,*,#1723,.T.);
#1382=ORIENTED_EDGE('',*,*,#1736,.F.);
#1383=ORIENTED_EDGE('',*,*,#1735,.T.);
#1384=ORIENTED_EDGE('',*,*,#1734,.F.);
#1385=ORIENTED_EDGE('',*,*,#1720,.F.);
#1386=ORIENTED_EDGE('',*,*,#1728,.T.);
#1387=ORIENTED_EDGE('',*,*,#1736,.T.);
#1388=ORIENTED_EDGE('',*,*,#1726,.F.);
#1389=ORIENTED_EDGE('',*,*,#1737,.T.);
#1390=ORIENTED_EDGE('',*,*,#1712,.T.);
#1391=ORIENTED_EDGE('',*,*,#1722,.F.);
#1392=ORIENTED_EDGE('',*,*,#1733,.T.);
#1393=ORIENTED_EDGE('',*,*,#1713,.T.);
#1394=ORIENTED_EDGE('',*,*,#1737,.F.);
#1395=ORIENTED_EDGE('',*,*,#1725,.F.);
#1396=ORIENTED_EDGE('',*,*,#1731,.F.);
#1397=EDGE_CURVE('',#1738,#1739,#1966,.T.);
#1398=EDGE_CURVE('',#1740,#1739,#117,.T.);
#1399=EDGE_CURVE('',#1741,#1740,#1967,.T.);
#1400=EDGE_CURVE('',#1741,#1738,#118,.T.);
#1401=EDGE_CURVE('',#1742,#1738,#119,.T.);
#1402=EDGE_CURVE('',#1743,#1741,#120,.T.);
#1403=EDGE_CURVE('',#1743,#1742,#121,.T.);
#1404=EDGE_CURVE('',#1744,#1742,#1968,.T.);
#1405=EDGE_CURVE('',#1745,#1743,#1969,.T.);
#1406=EDGE_CURVE('',#1745,#1744,#122,.T.);
#1407=EDGE_CURVE('',#1746,#1744,#123,.T.);
#1408=EDGE_CURVE('',#1747,#1745,#124,.T.);
#1409=EDGE_CURVE('',#1747,#1748,#125,.T.);
#1410=EDGE_CURVE('',#1748,#1749,#126,.T.);
#1411=EDGE_CURVE('',#1749,#1746,#127,.T.);
#1412=EDGE_CURVE('',#1739,#1750,#128,.T.);
#1413=EDGE_CURVE('',#1751,#1750,#129,.T.);
#1414=EDGE_CURVE('',#1751,#1752,#130,.T.);
#1415=EDGE_CURVE('',#1752,#1753,#131,.T.);
#1416=EDGE_CURVE('',#1740,#1753,#132,.T.);
#1417=EDGE_CURVE('',#1746,#1750,#133,.T.);
#1418=EDGE_CURVE('',#1748,#1752,#134,.T.);
#1419=EDGE_CURVE('',#1749,#1751,#135,.T.);
#1420=EDGE_CURVE('',#1754,#1755,#1970,.T.);
#1421=EDGE_CURVE('',#1756,#1755,#136,.T.);
#1422=EDGE_CURVE('',#1757,#1756,#1971,.T.);
#1423=EDGE_CURVE('',#1757,#1754,#137,.T.);
#1424=EDGE_CURVE('',#1758,#1754,#138,.T.);
#1425=EDGE_CURVE('',#1759,#1757,#139,.T.);
#1426=EDGE_CURVE('',#1759,#1758,#140,.T.);
#1427=EDGE_CURVE('',#1760,#1758,#1972,.T.);
#1428=EDGE_CURVE('',#1761,#1759,#1973,.T.);
#1429=EDGE_CURVE('',#1761,#1760,#141,.T.);
#1430=EDGE_CURVE('',#1762,#1760,#142,.T.);
#1431=EDGE_CURVE('',#1763,#1761,#143,.T.);
#1432=EDGE_CURVE('',#1763,#1764,#144,.T.);
#1433=EDGE_CURVE('',#1764,#1765,#145,.T.);
#1434=EDGE_CURVE('',#1765,#1762,#146,.T.);
#1435=EDGE_CURVE('',#1755,#1766,#147,.T.);
#1436=EDGE_CURVE('',#1767,#1766,#148,.T.);
#1437=EDGE_CURVE('',#1767,#1768,#149,.T.);
#1438=EDGE_CURVE('',#1768,#1769,#150,.T.);
#1439=EDGE_CURVE('',#1756,#1769,#151,.T.);
#1440=EDGE_CURVE('',#1762,#1766,#152,.T.);
#1441=EDGE_CURVE('',#1764,#1768,#153,.T.);
#1442=EDGE_CURVE('',#1765,#1767,#154,.T.);
#1443=EDGE_CURVE('',#1770,#1771,#1974,.T.);
#1444=EDGE_CURVE('',#1772,#1771,#155,.T.);
#1445=EDGE_CURVE('',#1773,#1772,#1975,.T.);
#1446=EDGE_CURVE('',#1773,#1770,#156,.T.);
#1447=EDGE_CURVE('',#1774,#1770,#157,.T.);
#1448=EDGE_CURVE('',#1775,#1773,#158,.T.);
#1449=EDGE_CURVE('',#1775,#1774,#159,.T.);
#1450=EDGE_CURVE('',#1776,#1774,#1976,.T.);
#1451=EDGE_CURVE('',#1777,#1775,#1977,.T.);
#1452=EDGE_CURVE('',#1777,#1776,#160,.T.);
#1453=EDGE_CURVE('',#1778,#1776,#161,.T.);
#1454=EDGE_CURVE('',#1779,#1777,#162,.T.);
#1455=EDGE_CURVE('',#1779,#1780,#163,.T.);
#1456=EDGE_CURVE('',#1780,#1781,#164,.T.);
#1457=EDGE_CURVE('',#1781,#1778,#165,.T.);
#1458=EDGE_CURVE('',#1771,#1782,#166,.T.);
#1459=EDGE_CURVE('',#1783,#1782,#167,.T.);
#1460=EDGE_CURVE('',#1783,#1784,#168,.T.);
#1461=EDGE_CURVE('',#1784,#1785,#169,.T.);
#1462=EDGE_CURVE('',#1772,#1785,#170,.T.);
#1463=EDGE_CURVE('',#1778,#1782,#171,.T.);
#1464=EDGE_CURVE('',#1780,#1784,#172,.T.);
#1465=EDGE_CURVE('',#1781,#1783,#173,.T.);
#1466=EDGE_CURVE('',#1786,#1787,#1978,.T.);
#1467=EDGE_CURVE('',#1788,#1787,#174,.T.);
#1468=EDGE_CURVE('',#1789,#1788,#1979,.T.);
#1469=EDGE_CURVE('',#1789,#1786,#175,.T.);
#1470=EDGE_CURVE('',#1790,#1786,#176,.T.);
#1471=EDGE_CURVE('',#1791,#1789,#177,.T.);
#1472=EDGE_CURVE('',#1791,#1790,#178,.T.);
#1473=EDGE_CURVE('',#1792,#1790,#1980,.T.);
#1474=EDGE_CURVE('',#1793,#1791,#1981,.T.);
#1475=EDGE_CURVE('',#1793,#1792,#179,.T.);
#1476=EDGE_CURVE('',#1794,#1792,#180,.T.);
#1477=EDGE_CURVE('',#1795,#1793,#181,.T.);
#1478=EDGE_CURVE('',#1795,#1796,#182,.T.);
#1479=EDGE_CURVE('',#1796,#1797,#183,.T.);
#1480=EDGE_CURVE('',#1797,#1794,#184,.T.);
#1481=EDGE_CURVE('',#1787,#1798,#185,.T.);
#1482=EDGE_CURVE('',#1799,#1798,#186,.T.);
#1483=EDGE_CURVE('',#1799,#1800,#187,.T.);
#1484=EDGE_CURVE('',#1800,#1801,#188,.T.);
#1485=EDGE_CURVE('',#1788,#1801,#189,.T.);
#1486=EDGE_CURVE('',#1794,#1798,#190,.T.);
#1487=EDGE_CURVE('',#1796,#1800,#191,.T.);
#1488=EDGE_CURVE('',#1797,#1799,#192,.T.);
#1489=EDGE_CURVE('',#1802,#1803,#193,.T.);
#1490=EDGE_CURVE('',#1804,#1803,#194,.T.);
#1491=EDGE_CURVE('',#1805,#1804,#195,.T.);
#1492=EDGE_CURVE('',#1805,#1802,#196,.T.);
#1493=EDGE_CURVE('',#1806,#1807,#1982,.T.);
#1494=EDGE_CURVE('',#1807,#1803,#197,.T.);
#1495=EDGE_CURVE('',#1802,#1808,#198,.T.);
#1496=EDGE_CURVE('',#1808,#1809,#1983,.T.);
#1497=EDGE_CURVE('',#1809,#1806,#199,.T.);
#1498=EDGE_CURVE('',#1810,#1811,#200,.T.);
#1499=EDGE_CURVE('',#1812,#1811,#201,.T.);
#1500=EDGE_CURVE('',#1813,#1812,#202,.T.);
#1501=EDGE_CURVE('',#1813,#1810,#203,.T.);
#1502=EDGE_CURVE('',#1814,#1815,#1984,.T.);
#1503=EDGE_CURVE('',#1815,#1811,#204,.T.);
#1504=EDGE_CURVE('',#1810,#1816,#205,.T.);
#1505=EDGE_CURVE('',#1816,#1817,#1985,.T.);
#1506=EDGE_CURVE('',#1817,#1814,#206,.T.);
#1507=EDGE_CURVE('',#1818,#1819,#207,.T.);
#1508=EDGE_CURVE('',#1820,#1819,#208,.T.);
#1509=EDGE_CURVE('',#1821,#1820,#209,.T.);
#1510=EDGE_CURVE('',#1821,#1818,#210,.T.);
#1511=EDGE_CURVE('',#1822,#1823,#1986,.T.);
#1512=EDGE_CURVE('',#1823,#1819,#211,.T.);
#1513=EDGE_CURVE('',#1818,#1824,#212,.T.);
#1514=EDGE_CURVE('',#1824,#1825,#1987,.T.);
#1515=EDGE_CURVE('',#1825,#1822,#213,.T.);
#1516=EDGE_CURVE('',#1826,#1827,#214,.T.);
#1517=EDGE_CURVE('',#1828,#1827,#215,.T.);
#1518=EDGE_CURVE('',#1829,#1828,#216,.T.);
#1519=EDGE_CURVE('',#1829,#1826,#217,.T.);
#1520=EDGE_CURVE('',#1830,#1831,#1988,.T.);
#1521=EDGE_CURVE('',#1831,#1827,#218,.T.);
#1522=EDGE_CURVE('',#1826,#1832,#219,.T.);
#1523=EDGE_CURVE('',#1832,#1833,#1989,.T.);
#1524=EDGE_CURVE('',#1833,#1830,#220,.T.);
#1525=EDGE_CURVE('',#1834,#1835,#221,.T.);
#1526=EDGE_CURVE('',#1836,#1835,#222,.T.);
#1527=EDGE_CURVE('',#1837,#1836,#223,.T.);
#1528=EDGE_CURVE('',#1837,#1834,#224,.T.);
#1529=EDGE_CURVE('',#1838,#1839,#1990,.T.);
#1530=EDGE_CURVE('',#1839,#1835,#225,.T.);
#1531=EDGE_CURVE('',#1834,#1840,#226,.T.);
#1532=EDGE_CURVE('',#1840,#1841,#1991,.T.);
#1533=EDGE_CURVE('',#1841,#1838,#227,.T.);
#1534=EDGE_CURVE('',#1842,#1842,#1992,.T.);
#1535=EDGE_CURVE('',#1843,#1844,#228,.T.);
#1536=EDGE_CURVE('',#1845,#1843,#229,.T.);
#1537=EDGE_CURVE('',#1845,#1846,#230,.T.);
#1538=EDGE_CURVE('',#1846,#1844,#231,.T.);
#1539=EDGE_CURVE('',#1847,#1848,#232,.T.);
#1540=EDGE_CURVE('',#1849,#1847,#233,.T.);
#1541=EDGE_CURVE('',#1849,#1850,#234,.T.);
#1542=EDGE_CURVE('',#1850,#1848,#235,.T.);
#1543=EDGE_CURVE('',#1851,#1852,#236,.T.);
#1544=EDGE_CURVE('',#1853,#1852,#237,.T.);
#1545=EDGE_CURVE('',#1854,#1853,#238,.T.);
#1546=EDGE_CURVE('',#1854,#1851,#239,.T.);
#1547=EDGE_CURVE('',#1855,#1840,#240,.T.);
#1548=EDGE_CURVE('',#1855,#1856,#1993,.T.);
#1549=EDGE_CURVE('',#1856,#1841,#241,.T.);
#1550=EDGE_CURVE('',#1856,#1857,#242,.T.);
#1551=EDGE_CURVE('',#1857,#1838,#243,.T.);
#1552=EDGE_CURVE('',#1857,#1858,#1994,.T.);
#1553=EDGE_CURVE('',#1858,#1839,#244,.T.);
#1554=EDGE_CURVE('',#1859,#1832,#245,.T.);
#1555=EDGE_CURVE('',#1859,#1860,#1995,.T.);
#1556=EDGE_CURVE('',#1860,#1833,#246,.T.);
#1557=EDGE_CURVE('',#1860,#1861,#247,.T.);
#1558=EDGE_CURVE('',#1861,#1830,#248,.T.);
#1559=EDGE_CURVE('',#1861,#1862,#1996,.T.);
#1560=EDGE_CURVE('',#1862,#1831,#249,.T.);
#1561=EDGE_CURVE('',#1863,#1824,#250,.T.);
#1562=EDGE_CURVE('',#1863,#1864,#1997,.T.);
#1563=EDGE_CURVE('',#1864,#1825,#251,.T.);
#1564=EDGE_CURVE('',#1864,#1865,#252,.T.);
#1565=EDGE_CURVE('',#1865,#1822,#253,.T.);
#1566=EDGE_CURVE('',#1865,#1866,#1998,.T.);
#1567=EDGE_CURVE('',#1866,#1823,#254,.T.);
#1568=EDGE_CURVE('',#1867,#1816,#255,.T.);
#1569=EDGE_CURVE('',#1867,#1868,#1999,.T.);
#1570=EDGE_CURVE('',#1868,#1817,#256,.T.);
#1571=EDGE_CURVE('',#1868,#1869,#257,.T.);
#1572=EDGE_CURVE('',#1869,#1814,#258,.T.);
#1573=EDGE_CURVE('',#1869,#1870,#2000,.T.);
#1574=EDGE_CURVE('',#1870,#1815,#259,.T.);
#1575=EDGE_CURVE('',#1871,#1808,#260,.T.);
#1576=EDGE_CURVE('',#1871,#1872,#2001,.T.);
#1577=EDGE_CURVE('',#1872,#1809,#261,.T.);
#1578=EDGE_CURVE('',#1872,#1873,#262,.T.);
#1579=EDGE_CURVE('',#1873,#1806,#263,.T.);
#1580=EDGE_CURVE('',#1873,#1874,#2002,.T.);
#1581=EDGE_CURVE('',#1874,#1807,#264,.T.);
#1582=EDGE_CURVE('',#1875,#1876,#265,.T.);
#1583=EDGE_CURVE('',#1877,#1875,#266,.T.);
#1584=EDGE_CURVE('',#1877,#1878,#267,.T.);
#1585=EDGE_CURVE('',#1878,#1876,#268,.T.);
#1586=EDGE_CURVE('',#1876,#1879,#269,.T.);
#1587=EDGE_CURVE('',#1878,#1880,#270,.T.);
#1588=EDGE_CURVE('',#1880,#1879,#271,.T.);
#1589=EDGE_CURVE('',#1879,#1881,#272,.T.);
#1590=EDGE_CURVE('',#1880,#1882,#273,.T.);
#1591=EDGE_CURVE('',#1882,#1881,#274,.T.);
#1592=EDGE_CURVE('',#1874,#1883,#275,.T.);
#1593=EDGE_CURVE('',#1884,#1883,#276,.T.);
#1594=EDGE_CURVE('',#1804,#1884,#277,.T.);
#1595=EDGE_CURVE('',#1884,#1885,#278,.T.);
#1596=EDGE_CURVE('',#1885,#1805,#279,.T.);
#1597=EDGE_CURVE('',#1885,#1886,#280,.T.);
#1598=EDGE_CURVE('',#1886,#1871,#281,.T.);
#1599=EDGE_CURVE('',#1870,#1887,#282,.T.);
#1600=EDGE_CURVE('',#1888,#1887,#283,.T.);
#1601=EDGE_CURVE('',#1812,#1888,#284,.T.);
#1602=EDGE_CURVE('',#1888,#1889,#285,.T.);
#1603=EDGE_CURVE('',#1889,#1813,#286,.T.);
#1604=EDGE_CURVE('',#1889,#1890,#287,.T.);
#1605=EDGE_CURVE('',#1890,#1867,#288,.T.);
#1606=EDGE_CURVE('',#1866,#1891,#289,.T.);
#1607=EDGE_CURVE('',#1892,#1891,#290,.T.);
#1608=EDGE_CURVE('',#1820,#1892,#291,.T.);
#1609=EDGE_CURVE('',#1892,#1893,#292,.T.);
#1610=EDGE_CURVE('',#1893,#1821,#293,.T.);
#1611=EDGE_CURVE('',#1893,#1894,#294,.T.);
#1612=EDGE_CURVE('',#1894,#1863,#295,.T.);
#1613=EDGE_CURVE('',#1862,#1895,#296,.T.);
#1614=EDGE_CURVE('',#1896,#1895,#297,.T.);
#1615=EDGE_CURVE('',#1828,#1896,#298,.T.);
#1616=EDGE_CURVE('',#1896,#1897,#299,.T.);
#1617=EDGE_CURVE('',#1897,#1829,#300,.T.);
#1618=EDGE_CURVE('',#1897,#1898,#301,.T.);
#1619=EDGE_CURVE('',#1898,#1859,#302,.T.);
#1620=EDGE_CURVE('',#1858,#1899,#303,.T.);
#1621=EDGE_CURVE('',#1900,#1899,#304,.T.);
#1622=EDGE_CURVE('',#1836,#1900,#305,.T.);
#1623=EDGE_CURVE('',#1900,#1901,#306,.T.);
#1624=EDGE_CURVE('',#1901,#1837,#307,.T.);
#1625=EDGE_CURVE('',#1901,#1902,#308,.T.);
#1626=EDGE_CURVE('',#1902,#1855,#309,.T.);
#1627=EDGE_CURVE('',#1903,#1904,#310,.T.);
#1628=EDGE_CURVE('',#1905,#1903,#311,.T.);
#1629=EDGE_CURVE('',#1905,#1906,#312,.T.);
#1630=EDGE_CURVE('',#1906,#1904,#313,.T.);
#1631=EDGE_CURVE('',#1907,#1907,#2003,.T.);
#1632=EDGE_CURVE('',#1846,#1908,#314,.T.);
#1633=EDGE_CURVE('',#1909,#1845,#315,.T.);
#1634=EDGE_CURVE('',#1908,#1909,#316,.T.);
#1635=EDGE_CURVE('',#1844,#1910,#317,.T.);
#1636=EDGE_CURVE('',#1911,#1908,#318,.T.);
#1637=EDGE_CURVE('',#1912,#1911,#319,.T.);
#1638=EDGE_CURVE('',#1912,#1910,#320,.T.);
#1639=EDGE_CURVE('',#1881,#1847,#321,.T.);
#1640=EDGE_CURVE('',#1882,#1913,#322,.T.);
#1641=EDGE_CURVE('',#1914,#1913,#323,.T.);
#1642=EDGE_CURVE('',#1914,#1849,#324,.T.);
#1643=EDGE_CURVE('',#1915,#1914,#325,.T.);
#1644=EDGE_CURVE('',#1850,#1915,#326,.T.);
#1645=EDGE_CURVE('',#1848,#1843,#327,.T.);
#1646=EDGE_CURVE('',#1915,#1909,#328,.T.);
#1647=EDGE_CURVE('',#1911,#1916,#329,.T.);
#1648=EDGE_CURVE('',#1916,#1917,#330,.T.);
#1649=EDGE_CURVE('',#1917,#1912,#331,.T.);
#1650=EDGE_CURVE('',#1918,#1910,#332,.T.);
#1651=EDGE_CURVE('',#1917,#1918,#333,.T.);
#1652=EDGE_CURVE('',#1919,#1920,#334,.T.);
#1653=EDGE_CURVE('',#1921,#1919,#335,.T.);
#1654=EDGE_CURVE('',#1921,#1922,#336,.T.);
#1655=EDGE_CURVE('',#1922,#1920,#337,.T.);
#1656=EDGE_CURVE('',#1904,#1852,#338,.T.);
#1657=EDGE_CURVE('',#1851,#1875,#339,.T.);
#1658=EDGE_CURVE('',#1918,#1923,#340,.T.);
#1659=EDGE_CURVE('',#1923,#1924,#341,.T.);
#1660=EDGE_CURVE('',#1924,#1925,#342,.T.);
#1661=EDGE_CURVE('',#1925,#1926,#343,.T.);
#1662=EDGE_CURVE('',#1926,#1927,#344,.T.);
#1663=EDGE_CURVE('',#1927,#1919,#345,.T.);
#1664=EDGE_CURVE('',#1920,#1903,#346,.T.);
#1665=EDGE_CURVE('',#1906,#1928,#347,.T.);
#1666=EDGE_CURVE('',#1929,#1905,#348,.T.);
#1667=EDGE_CURVE('',#1928,#1929,#349,.T.);
#1668=EDGE_CURVE('',#1930,#1928,#350,.T.);
#1669=EDGE_CURVE('',#1853,#1930,#351,.T.);
#1670=EDGE_CURVE('',#1930,#1931,#352,.T.);
#1671=EDGE_CURVE('',#1931,#1854,#353,.T.);
#1672=EDGE_CURVE('',#1931,#1932,#354,.T.);
#1673=EDGE_CURVE('',#1932,#1877,#355,.T.);
#1674=EDGE_CURVE('',#1933,#1902,#356,.T.);
#1675=EDGE_CURVE('',#1913,#1933,#357,.T.);
#1676=EDGE_CURVE('',#1934,#1932,#358,.T.);
#1677=EDGE_CURVE('',#1883,#1934,#359,.T.);
#1678=EDGE_CURVE('',#1887,#1886,#360,.T.);
#1679=EDGE_CURVE('',#1891,#1890,#361,.T.);
#1680=EDGE_CURVE('',#1895,#1894,#362,.T.);
#1681=EDGE_CURVE('',#1899,#1898,#363,.T.);
#1682=EDGE_CURVE('',#1934,#1935,#364,.T.);
#1683=EDGE_CURVE('',#1936,#1935,#365,.T.);
#1684=EDGE_CURVE('',#1933,#1936,#366,.T.);
#1685=EDGE_CURVE('',#1937,#1921,#367,.T.);
#1686=EDGE_CURVE('',#1938,#1937,#368,.T.);
#1687=EDGE_CURVE('',#1922,#1938,#369,.T.);
#1688=EDGE_CURVE('',#1938,#1929,#370,.T.);
#1689=EDGE_CURVE('',#1939,#1940,#371,.T.);
#1690=EDGE_CURVE('',#1940,#1936,#372,.T.);
#1691=EDGE_CURVE('',#1935,#1939,#373,.T.);
#1692=EDGE_CURVE('',#1941,#1940,#374,.T.);
#1693=EDGE_CURVE('',#1941,#1942,#375,.T.);
#1694=EDGE_CURVE('',#1916,#1942,#376,.T.);
#1695=EDGE_CURVE('',#1942,#1943,#377,.T.);
#1696=EDGE_CURVE('',#1943,#1923,#378,.T.);
#1697=EDGE_CURVE('',#1943,#1944,#379,.T.);
#1698=EDGE_CURVE('',#1944,#1924,#380,.T.);
#1699=EDGE_CURVE('',#1944,#1945,#381,.T.);
#1700=EDGE_CURVE('',#1945,#1925,#382,.T.);
#1701=EDGE_CURVE('',#1945,#1946,#383,.T.);
#1702=EDGE_CURVE('',#1946,#1926,#384,.T.);
#1703=EDGE_CURVE('',#1946,#1947,#385,.T.);
#1704=EDGE_CURVE('',#1947,#1927,#386,.T.);
#1705=EDGE_CURVE('',#1947,#1948,#387,.T.);
#1706=EDGE_CURVE('',#1937,#1948,#388,.T.);
#1707=EDGE_CURVE('',#1948,#1949,#389,.T.);
#1708=EDGE_CURVE('',#1949,#1939,#390,.T.);
#1709=EDGE_CURVE('',#1763,#1753,#391,.T.);
#1710=EDGE_CURVE('',#1747,#1941,#392,.T.);
#1711=EDGE_CURVE('',#1949,#1950,#393,.T.);
#1712=EDGE_CURVE('',#1951,#1950,#394,.T.);
#1713=EDGE_CURVE('',#1952,#1951,#395,.T.);
#1714=EDGE_CURVE('',#1953,#1952,#396,.T.);
#1715=EDGE_CURVE('',#1953,#1801,#397,.T.);
#1716=EDGE_CURVE('',#1795,#1785,#398,.T.);
#1717=EDGE_CURVE('',#1779,#1769,#399,.T.);
#1718=EDGE_CURVE('',#1953,#1954,#400,.T.);
#1719=EDGE_CURVE('',#1954,#1955,#2004,.T.);
#1720=EDGE_CURVE('',#1955,#1956,#401,.T.);
#1721=EDGE_CURVE('',#1956,#1957,#2005,.T.);
#1722=EDGE_CURVE('',#1957,#1950,#402,.T.);
#1723=EDGE_CURVE('',#1958,#1959,#403,.T.);
#1724=EDGE_CURVE('',#1960,#1958,#404,.T.);
#1725=EDGE_CURVE('',#1960,#1961,#405,.T.);
#1726=EDGE_CURVE('',#1961,#1959,#406,.T.);
#1727=EDGE_CURVE('',#1962,#1963,#2006,.T.);
#1728=EDGE_CURVE('',#1955,#1963,#407,.T.);
#1729=EDGE_CURVE('',#1954,#1962,#408,.T.);
#1730=EDGE_CURVE('',#1958,#1962,#409,.T.);
#1731=EDGE_CURVE('',#1952,#1960,#410,.T.);
#1732=EDGE_CURVE('',#1964,#1965,#2007,.T.);
#1733=EDGE_CURVE('',#1957,#1965,#411,.T.);
#1734=EDGE_CURVE('',#1956,#1964,#412,.T.);
#1735=EDGE_CURVE('',#1963,#1964,#413,.T.);
#1736=EDGE_CURVE('',#1965,#1959,#414,.T.);
#1737=EDGE_CURVE('',#1961,#1951,#415,.T.);
#1738=VERTEX_POINT('',#3991);
#1739=VERTEX_POINT('',#3992);
#1740=VERTEX_POINT('',#3994);
#1741=VERTEX_POINT('',#3996);
#1742=VERTEX_POINT('',#4000);
#1743=VERTEX_POINT('',#4002);
#1744=VERTEX_POINT('',#4006);
#1745=VERTEX_POINT('',#4008);
#1746=VERTEX_POINT('',#4012);
#1747=VERTEX_POINT('',#4014);
#1748=VERTEX_POINT('',#4016);
#1749=VERTEX_POINT('',#4018);
#1750=VERTEX_POINT('',#4022);
#1751=VERTEX_POINT('',#4024);
#1752=VERTEX_POINT('',#4026);
#1753=VERTEX_POINT('',#4028);
#1754=VERTEX_POINT('',#4038);
#1755=VERTEX_POINT('',#4039);
#1756=VERTEX_POINT('',#4041);
#1757=VERTEX_POINT('',#4043);
#1758=VERTEX_POINT('',#4047);
#1759=VERTEX_POINT('',#4049);
#1760=VERTEX_POINT('',#4053);
#1761=VERTEX_POINT('',#4055);
#1762=VERTEX_POINT('',#4059);
#1763=VERTEX_POINT('',#4061);
#1764=VERTEX_POINT('',#4063);
#1765=VERTEX_POINT('',#4065);
#1766=VERTEX_POINT('',#4069);
#1767=VERTEX_POINT('',#4071);
#1768=VERTEX_POINT('',#4073);
#1769=VERTEX_POINT('',#4075);
#1770=VERTEX_POINT('',#4085);
#1771=VERTEX_POINT('',#4086);
#1772=VERTEX_POINT('',#4088);
#1773=VERTEX_POINT('',#4090);
#1774=VERTEX_POINT('',#4094);
#1775=VERTEX_POINT('',#4096);
#1776=VERTEX_POINT('',#4100);
#1777=VERTEX_POINT('',#4102);
#1778=VERTEX_POINT('',#4106);
#1779=VERTEX_POINT('',#4108);
#1780=VERTEX_POINT('',#4110);
#1781=VERTEX_POINT('',#4112);
#1782=VERTEX_POINT('',#4116);
#1783=VERTEX_POINT('',#4118);
#1784=VERTEX_POINT('',#4120);
#1785=VERTEX_POINT('',#4122);
#1786=VERTEX_POINT('',#4132);
#1787=VERTEX_POINT('',#4133);
#1788=VERTEX_POINT('',#4135);
#1789=VERTEX_POINT('',#4137);
#1790=VERTEX_POINT('',#4141);
#1791=VERTEX_POINT('',#4143);
#1792=VERTEX_POINT('',#4147);
#1793=VERTEX_POINT('',#4149);
#1794=VERTEX_POINT('',#4153);
#1795=VERTEX_POINT('',#4155);
#1796=VERTEX_POINT('',#4157);
#1797=VERTEX_POINT('',#4159);
#1798=VERTEX_POINT('',#4163);
#1799=VERTEX_POINT('',#4165);
#1800=VERTEX_POINT('',#4167);
#1801=VERTEX_POINT('',#4169);
#1802=VERTEX_POINT('',#4179);
#1803=VERTEX_POINT('',#4180);
#1804=VERTEX_POINT('',#4182);
#1805=VERTEX_POINT('',#4184);
#1806=VERTEX_POINT('',#4188);
#1807=VERTEX_POINT('',#4189);
#1808=VERTEX_POINT('',#4192);
#1809=VERTEX_POINT('',#4194);
#1810=VERTEX_POINT('',#4198);
#1811=VERTEX_POINT('',#4199);
#1812=VERTEX_POINT('',#4201);
#1813=VERTEX_POINT('',#4203);
#1814=VERTEX_POINT('',#4207);
#1815=VERTEX_POINT('',#4208);
#1816=VERTEX_POINT('',#4211);
#1817=VERTEX_POINT('',#4213);
#1818=VERTEX_POINT('',#4217);
#1819=VERTEX_POINT('',#4218);
#1820=VERTEX_POINT('',#4220);
#1821=VERTEX_POINT('',#4222);
#1822=VERTEX_POINT('',#4226);
#1823=VERTEX_POINT('',#4227);
#1824=VERTEX_POINT('',#4230);
#1825=VERTEX_POINT('',#4232);
#1826=VERTEX_POINT('',#4236);
#1827=VERTEX_POINT('',#4237);
#1828=VERTEX_POINT('',#4239);
#1829=VERTEX_POINT('',#4241);
#1830=VERTEX_POINT('',#4245);
#1831=VERTEX_POINT('',#4246);
#1832=VERTEX_POINT('',#4249);
#1833=VERTEX_POINT('',#4251);
#1834=VERTEX_POINT('',#4255);
#1835=VERTEX_POINT('',#4256);
#1836=VERTEX_POINT('',#4258);
#1837=VERTEX_POINT('',#4260);
#1838=VERTEX_POINT('',#4264);
#1839=VERTEX_POINT('',#4265);
#1840=VERTEX_POINT('',#4268);
#1841=VERTEX_POINT('',#4270);
#1842=VERTEX_POINT('',#4274);
#1843=VERTEX_POINT('',#4277);
#1844=VERTEX_POINT('',#4278);
#1845=VERTEX_POINT('',#4280);
#1846=VERTEX_POINT('',#4282);
#1847=VERTEX_POINT('',#4286);
#1848=VERTEX_POINT('',#4287);
#1849=VERTEX_POINT('',#4289);
#1850=VERTEX_POINT('',#4291);
#1851=VERTEX_POINT('',#4295);
#1852=VERTEX_POINT('',#4296);
#1853=VERTEX_POINT('',#4298);
#1854=VERTEX_POINT('',#4300);
#1855=VERTEX_POINT('',#4304);
#1856=VERTEX_POINT('',#4306);
#1857=VERTEX_POINT('',#4310);
#1858=VERTEX_POINT('',#4314);
#1859=VERTEX_POINT('',#4318);
#1860=VERTEX_POINT('',#4320);
#1861=VERTEX_POINT('',#4324);
#1862=VERTEX_POINT('',#4328);
#1863=VERTEX_POINT('',#4332);
#1864=VERTEX_POINT('',#4334);
#1865=VERTEX_POINT('',#4338);
#1866=VERTEX_POINT('',#4342);
#1867=VERTEX_POINT('',#4346);
#1868=VERTEX_POINT('',#4348);
#1869=VERTEX_POINT('',#4352);
#1870=VERTEX_POINT('',#4356);
#1871=VERTEX_POINT('',#4360);
#1872=VERTEX_POINT('',#4362);
#1873=VERTEX_POINT('',#4366);
#1874=VERTEX_POINT('',#4370);
#1875=VERTEX_POINT('',#4374);
#1876=VERTEX_POINT('',#4375);
#1877=VERTEX_POINT('',#4377);
#1878=VERTEX_POINT('',#4379);
#1879=VERTEX_POINT('',#4383);
#1880=VERTEX_POINT('',#4385);
#1881=VERTEX_POINT('',#4389);
#1882=VERTEX_POINT('',#4391);
#1883=VERTEX_POINT('',#4395);
#1884=VERTEX_POINT('',#4397);
#1885=VERTEX_POINT('',#4401);
#1886=VERTEX_POINT('',#4405);
#1887=VERTEX_POINT('',#4409);
#1888=VERTEX_POINT('',#4411);
#1889=VERTEX_POINT('',#4415);
#1890=VERTEX_POINT('',#4419);
#1891=VERTEX_POINT('',#4423);
#1892=VERTEX_POINT('',#4425);
#1893=VERTEX_POINT('',#4429);
#1894=VERTEX_POINT('',#4433);
#1895=VERTEX_POINT('',#4437);
#1896=VERTEX_POINT('',#4439);
#1897=VERTEX_POINT('',#4443);
#1898=VERTEX_POINT('',#4447);
#1899=VERTEX_POINT('',#4451);
#1900=VERTEX_POINT('',#4453);
#1901=VERTEX_POINT('',#4457);
#1902=VERTEX_POINT('',#4461);
#1903=VERTEX_POINT('',#4465);
#1904=VERTEX_POINT('',#4466);
#1905=VERTEX_POINT('',#4468);
#1906=VERTEX_POINT('',#4470);
#1907=VERTEX_POINT('',#4474);
#1908=VERTEX_POINT('',#4477);
#1909=VERTEX_POINT('',#4479);
#1910=VERTEX_POINT('',#4483);
#1911=VERTEX_POINT('',#4485);
#1912=VERTEX_POINT('',#4487);
#1913=VERTEX_POINT('',#4492);
#1914=VERTEX_POINT('',#4494);
#1915=VERTEX_POINT('',#4498);
#1916=VERTEX_POINT('',#4505);
#1917=VERTEX_POINT('',#4507);
#1918=VERTEX_POINT('',#4511);
#1919=VERTEX_POINT('',#4515);
#1920=VERTEX_POINT('',#4516);
#1921=VERTEX_POINT('',#4518);
#1922=VERTEX_POINT('',#4520);
#1923=VERTEX_POINT('',#4526);
#1924=VERTEX_POINT('',#4528);
#1925=VERTEX_POINT('',#4530);
#1926=VERTEX_POINT('',#4532);
#1927=VERTEX_POINT('',#4534);
#1928=VERTEX_POINT('',#4539);
#1929=VERTEX_POINT('',#4541);
#1930=VERTEX_POINT('',#4545);
#1931=VERTEX_POINT('',#4549);
#1932=VERTEX_POINT('',#4553);
#1933=VERTEX_POINT('',#4557);
#1934=VERTEX_POINT('',#4560);
#1935=VERTEX_POINT('',#4568);
#1936=VERTEX_POINT('',#4570);
#1937=VERTEX_POINT('',#4574);
#1938=VERTEX_POINT('',#4576);
#1939=VERTEX_POINT('',#4582);
#1940=VERTEX_POINT('',#4583);
#1941=VERTEX_POINT('',#4588);
#1942=VERTEX_POINT('',#4590);
#1943=VERTEX_POINT('',#4594);
#1944=VERTEX_POINT('',#4598);
#1945=VERTEX_POINT('',#4602);
#1946=VERTEX_POINT('',#4606);
#1947=VERTEX_POINT('',#4610);
#1948=VERTEX_POINT('',#4614);
#1949=VERTEX_POINT('',#4618);
#1950=VERTEX_POINT('',#4624);
#1951=VERTEX_POINT('',#4626);
#1952=VERTEX_POINT('',#4628);
#1953=VERTEX_POINT('',#4630);
#1954=VERTEX_POINT('',#4636);
#1955=VERTEX_POINT('',#4638);
#1956=VERTEX_POINT('',#4640);
#1957=VERTEX_POINT('',#4642);
#1958=VERTEX_POINT('',#4646);
#1959=VERTEX_POINT('',#4647);
#1960=VERTEX_POINT('',#4649);
#1961=VERTEX_POINT('',#4651);
#1962=VERTEX_POINT('',#4655);
#1963=VERTEX_POINT('',#4656);
#1964=VERTEX_POINT('',#4664);
#1965=VERTEX_POINT('',#4665);
#1966=CIRCLE('',#3211,0.115);
#1967=CIRCLE('',#3212,0.115);
#1968=CIRCLE('',#3215,0.115);
#1969=CIRCLE('',#3216,0.115);
#1970=CIRCLE('',#3223,0.115);
#1971=CIRCLE('',#3224,0.115);
#1972=CIRCLE('',#3227,0.115);
#1973=CIRCLE('',#3228,0.115);
#1974=CIRCLE('',#3235,0.115);
#1975=CIRCLE('',#3236,0.115);
#1976=CIRCLE('',#3239,0.115);
#1977=CIRCLE('',#3240,0.115);
#1978=CIRCLE('',#3247,0.115);
#1979=CIRCLE('',#3248,0.115);
#1980=CIRCLE('',#3251,0.115);
#1981=CIRCLE('',#3252,0.115);
#1982=CIRCLE('',#3260,0.115);
#1983=CIRCLE('',#3261,0.115);
#1984=CIRCLE('',#3264,0.115);
#1985=CIRCLE('',#3265,0.115);
#1986=CIRCLE('',#3268,0.115);
#1987=CIRCLE('',#3269,0.115);
#1988=CIRCLE('',#3272,0.115);
#1989=CIRCLE('',#3273,0.115);
#1990=CIRCLE('',#3276,0.115);
#1991=CIRCLE('',#3277,0.115);
#1992=CIRCLE('',#3279,0.15);
#1993=CIRCLE('',#3284,0.115);
#1994=CIRCLE('',#3287,0.115);
#1995=CIRCLE('',#3289,0.115);
#1996=CIRCLE('',#3292,0.115);
#1997=CIRCLE('',#3294,0.115);
#1998=CIRCLE('',#3297,0.115);
#1999=CIRCLE('',#3299,0.115);
#2000=CIRCLE('',#3302,0.115);
#2001=CIRCLE('',#3304,0.115);
#2002=CIRCLE('',#3307,0.115);
#2003=CIRCLE('',#3328,0.15);
#2004=CIRCLE('',#3357,0.115);
#2005=CIRCLE('',#3358,0.115);
#2006=CIRCLE('',#3361,0.115);
#2007=CIRCLE('',#3364,0.115);
#2008=EDGE_LOOP('',(#715,#716,#717,#718));
#2009=EDGE_LOOP('',(#719,#720,#721,#722));
#2010=EDGE_LOOP('',(#723,#724,#725,#726));
#2011=EDGE_LOOP('',(#727,#728,#729,#730,#731,#732));
#2012=EDGE_LOOP('',(#733,#734,#735,#736,#737,#738));
#2013=EDGE_LOOP('',(#739,#740,#741,#742,#743,#744));
#2014=EDGE_LOOP('',(#745,#746,#747,#748));
#2015=EDGE_LOOP('',(#749,#750,#751,#752));
#2016=EDGE_LOOP('',(#753,#754,#755,#756));
#2017=EDGE_LOOP('',(#757,#758,#759,#760));
#2018=EDGE_LOOP('',(#761,#762,#763,#764));
#2019=EDGE_LOOP('',(#765,#766,#767,#768,#769,#770));
#2020=EDGE_LOOP('',(#771,#772,#773,#774,#775,#776));
#2021=EDGE_LOOP('',(#777,#778,#779,#780,#781,#782));
#2022=EDGE_LOOP('',(#783,#784,#785,#786));
#2023=EDGE_LOOP('',(#787,#788,#789,#790));
#2024=EDGE_LOOP('',(#791,#792,#793,#794));
#2025=EDGE_LOOP('',(#795,#796,#797,#798));
#2026=EDGE_LOOP('',(#799,#800,#801,#802));
#2027=EDGE_LOOP('',(#803,#804,#805,#806,#807,#808));
#2028=EDGE_LOOP('',(#809,#810,#811,#812,#813,#814));
#2029=EDGE_LOOP('',(#815,#816,#817,#818,#819,#820));
#2030=EDGE_LOOP('',(#821,#822,#823,#824));
#2031=EDGE_LOOP('',(#825,#826,#827,#828));
#2032=EDGE_LOOP('',(#829,#830,#831,#832));
#2033=EDGE_LOOP('',(#833,#834,#835,#836));
#2034=EDGE_LOOP('',(#837,#838,#839,#840));
#2035=EDGE_LOOP('',(#841,#842,#843,#844,#845,#846));
#2036=EDGE_LOOP('',(#847,#848,#849,#850,#851,#852));
#2037=EDGE_LOOP('',(#853,#854,#855,#856,#857,#858));
#2038=EDGE_LOOP('',(#859,#860,#861,#862));
#2039=EDGE_LOOP('',(#863,#864,#865,#866));
#2040=EDGE_LOOP('',(#867,#868,#869,#870));
#2041=EDGE_LOOP('',(#871,#872,#873,#874,#875,#876));
#2042=EDGE_LOOP('',(#877,#878,#879,#880));
#2043=EDGE_LOOP('',(#881,#882,#883,#884,#885,#886));
#2044=EDGE_LOOP('',(#887,#888,#889,#890));
#2045=EDGE_LOOP('',(#891,#892,#893,#894,#895,#896));
#2046=EDGE_LOOP('',(#897,#898,#899,#900));
#2047=EDGE_LOOP('',(#901,#902,#903,#904,#905,#906));
#2048=EDGE_LOOP('',(#907,#908,#909,#910));
#2049=EDGE_LOOP('',(#911,#912,#913,#914,#915,#916));
#2050=EDGE_LOOP('',(#917));
#2051=EDGE_LOOP('',(#918,#919,#920,#921));
#2052=EDGE_LOOP('',(#922,#923,#924,#925));
#2053=EDGE_LOOP('',(#926,#927,#928,#929));
#2054=EDGE_LOOP('',(#930,#931,#932,#933));
#2055=EDGE_LOOP('',(#934,#935,#936,#937));
#2056=EDGE_LOOP('',(#938,#939,#940,#941));
#2057=EDGE_LOOP('',(#942,#943,#944,#945));
#2058=EDGE_LOOP('',(#946,#947,#948,#949));
#2059=EDGE_LOOP('',(#950,#951,#952,#953));
#2060=EDGE_LOOP('',(#954,#955,#956,#957));
#2061=EDGE_LOOP('',(#958,#959,#960,#961));
#2062=EDGE_LOOP('',(#962,#963,#964,#965));
#2063=EDGE_LOOP('',(#966,#967,#968,#969));
#2064=EDGE_LOOP('',(#970,#971,#972,#973));
#2065=EDGE_LOOP('',(#974,#975,#976,#977));
#2066=EDGE_LOOP('',(#978,#979,#980,#981));
#2067=EDGE_LOOP('',(#982,#983,#984,#985));
#2068=EDGE_LOOP('',(#986,#987,#988,#989));
#2069=EDGE_LOOP('',(#990,#991,#992,#993));
#2070=EDGE_LOOP('',(#994,#995,#996,#997));
#2071=EDGE_LOOP('',(#998,#999,#1000,#1001));
#2072=EDGE_LOOP('',(#1002,#1003,#1004,#1005,#1006,#1007));
#2073=EDGE_LOOP('',(#1008,#1009,#1010,#1011));
#2074=EDGE_LOOP('',(#1012,#1013,#1014,#1015,#1016,#1017));
#2075=EDGE_LOOP('',(#1018,#1019,#1020,#1021,#1022,#1023));
#2076=EDGE_LOOP('',(#1024,#1025,#1026,#1027));
#2077=EDGE_LOOP('',(#1028,#1029,#1030,#1031,#1032,#1033));
#2078=EDGE_LOOP('',(#1034,#1035,#1036,#1037,#1038,#1039));
#2079=EDGE_LOOP('',(#1040,#1041,#1042,#1043));
#2080=EDGE_LOOP('',(#1044,#1045,#1046,#1047,#1048,#1049));
#2081=EDGE_LOOP('',(#1050,#1051,#1052,#1053,#1054,#1055));
#2082=EDGE_LOOP('',(#1056,#1057,#1058,#1059));
#2083=EDGE_LOOP('',(#1060,#1061,#1062,#1063,#1064,#1065));
#2084=EDGE_LOOP('',(#1066,#1067,#1068,#1069,#1070,#1071));
#2085=EDGE_LOOP('',(#1072,#1073,#1074,#1075));
#2086=EDGE_LOOP('',(#1076,#1077,#1078,#1079,#1080,#1081));
#2087=EDGE_LOOP('',(#1082,#1083,#1084,#1085));
#2088=EDGE_LOOP('',(#1086));
#2089=EDGE_LOOP('',(#1087));
#2090=EDGE_LOOP('',(#1088,#1089,#1090,#1091));
#2091=EDGE_LOOP('',(#1092,#1093,#1094,#1095,#1096,#1097));
#2092=EDGE_LOOP('',(#1098,#1099,#1100,#1101,#1102,#1103));
#2093=EDGE_LOOP('',(#1104,#1105,#1106,#1107));
#2094=EDGE_LOOP('',(#1108,#1109,#1110,#1111,#1112,#1113));
#2095=EDGE_LOOP('',(#1114,#1115,#1116,#1117));
#2096=EDGE_LOOP('',(#1118,#1119,#1120,#1121));
#2097=EDGE_LOOP('',(#1122,#1123,#1124,#1125));
#2098=EDGE_LOOP('',(#1126,#1127,#1128,#1129,#1130,#1131,#1132,#1133,#1134,
#1135,#1136,#1137,#1138,#1139,#1140,#1141,#1142,#1143,#1144,#1145,#1146));
#2099=EDGE_LOOP('',(#1147,#1148,#1149,#1150));
#2100=EDGE_LOOP('',(#1151,#1152,#1153,#1154,#1155,#1156));
#2101=EDGE_LOOP('',(#1157,#1158,#1159,#1160));
#2102=EDGE_LOOP('',(#1161,#1162,#1163,#1164,#1165,#1166));
#2103=EDGE_LOOP('',(#1167,#1168,#1169,#1170,#1171,#1172,#1173,#1174,#1175,
#1176,#1177,#1178,#1179,#1180,#1181,#1182,#1183,#1184,#1185,#1186,#1187,
#1188,#1189,#1190,#1191,#1192,#1193,#1194,#1195,#1196,#1197,#1198,#1199,
#1200,#1201,#1202,#1203,#1204));
#2104=EDGE_LOOP('',(#1205,#1206,#1207,#1208,#1209,#1210,#1211,#1212,#1213,
#1214,#1215,#1216,#1217,#1218,#1219,#1220,#1221,#1222,#1223,#1224,#1225,
#1226,#1227,#1228));
#2105=EDGE_LOOP('',(#1229,#1230,#1231,#1232));
#2106=EDGE_LOOP('',(#1233,#1234,#1235,#1236,#1237,#1238));
#2107=EDGE_LOOP('',(#1239));
#2108=EDGE_LOOP('',(#1240,#1241,#1242,#1243));
#2109=EDGE_LOOP('',(#1244,#1245,#1246,#1247,#1248,#1249,#1250,#1251,#1252,
#1253,#1254,#1255));
#2110=EDGE_LOOP('',(#1256,#1257,#1258,#1259,#1260,#1261));
#2111=EDGE_LOOP('',(#1262,#1263,#1264,#1265));
#2112=EDGE_LOOP('',(#1266,#1267,#1268,#1269));
#2113=EDGE_LOOP('',(#1270,#1271,#1272,#1273));
#2114=EDGE_LOOP('',(#1274,#1275,#1276,#1277));
#2115=EDGE_LOOP('',(#1278,#1279,#1280,#1281,#1282,#1283));
#2116=EDGE_LOOP('',(#1284,#1285,#1286,#1287,#1288,#1289,#1290,#1291,#1292,
#1293,#1294,#1295));
#2117=EDGE_LOOP('',(#1296,#1297,#1298,#1299,#1300,#1301,#1302,#1303,#1304,
#1305,#1306,#1307,#1308,#1309,#1310,#1311,#1312,#1313,#1314,#1315,#1316,
#1317,#1318,#1319));
#2118=EDGE_LOOP('',(#1320,#1321,#1322,#1323,#1324,#1325,#1326,#1327,#1328,
#1329,#1330,#1331,#1332,#1333,#1334,#1335,#1336,#1337,#1338,#1339,#1340,
#1341,#1342,#1343,#1344,#1345,#1346,#1347,#1348,#1349,#1350,#1351,#1352,
#1353,#1354,#1355,#1356,#1357,#1358));
#2119=EDGE_LOOP('',(#1359,#1360,#1361,#1362));
#2120=EDGE_LOOP('',(#1363,#1364,#1365,#1366));
#2121=EDGE_LOOP('',(#1367,#1368,#1369,#1370,#1371,#1372));
#2122=EDGE_LOOP('',(#1373,#1374,#1375,#1376));
#2123=EDGE_LOOP('',(#1377,#1378,#1379,#1380,#1381,#1382));
#2124=EDGE_LOOP('',(#1383,#1384,#1385,#1386));
#2125=EDGE_LOOP('',(#1387,#1388,#1389,#1390,#1391,#1392));
#2126=EDGE_LOOP('',(#1393,#1394,#1395,#1396));
#2127=FACE_BOUND('',#2008,.T.);
#2128=FACE_BOUND('',#2009,.T.);
#2129=FACE_BOUND('',#2010,.T.);
#2130=FACE_BOUND('',#2011,.T.);
#2131=FACE_BOUND('',#2012,.T.);
#2132=FACE_BOUND('',#2013,.T.);
#2133=FACE_BOUND('',#2014,.T.);
#2134=FACE_BOUND('',#2015,.T.);
#2135=FACE_BOUND('',#2016,.T.);
#2136=FACE_BOUND('',#2017,.T.);
#2137=FACE_BOUND('',#2018,.T.);
#2138=FACE_BOUND('',#2019,.T.);
#2139=FACE_BOUND('',#2020,.T.);
#2140=FACE_BOUND('',#2021,.T.);
#2141=FACE_BOUND('',#2022,.T.);
#2142=FACE_BOUND('',#2023,.T.);
#2143=FACE_BOUND('',#2024,.T.);
#2144=FACE_BOUND('',#2025,.T.);
#2145=FACE_BOUND('',#2026,.T.);
#2146=FACE_BOUND('',#2027,.T.);
#2147=FACE_BOUND('',#2028,.T.);
#2148=FACE_BOUND('',#2029,.T.);
#2149=FACE_BOUND('',#2030,.T.);
#2150=FACE_BOUND('',#2031,.T.);
#2151=FACE_BOUND('',#2032,.T.);
#2152=FACE_BOUND('',#2033,.T.);
#2153=FACE_BOUND('',#2034,.T.);
#2154=FACE_BOUND('',#2035,.T.);
#2155=FACE_BOUND('',#2036,.T.);
#2156=FACE_BOUND('',#2037,.T.);
#2157=FACE_BOUND('',#2038,.T.);
#2158=FACE_BOUND('',#2039,.T.);
#2159=FACE_BOUND('',#2040,.T.);
#2160=FACE_BOUND('',#2041,.T.);
#2161=FACE_BOUND('',#2042,.T.);
#2162=FACE_BOUND('',#2043,.T.);
#2163=FACE_BOUND('',#2044,.T.);
#2164=FACE_BOUND('',#2045,.T.);
#2165=FACE_BOUND('',#2046,.T.);
#2166=FACE_BOUND('',#2047,.T.);
#2167=FACE_BOUND('',#2048,.T.);
#2168=FACE_BOUND('',#2049,.T.);
#2169=FACE_BOUND('',#2050,.T.);
#2170=FACE_BOUND('',#2051,.T.);
#2171=FACE_BOUND('',#2052,.T.);
#2172=FACE_BOUND('',#2053,.T.);
#2173=FACE_BOUND('',#2054,.T.);
#2174=FACE_BOUND('',#2055,.T.);
#2175=FACE_BOUND('',#2056,.T.);
#2176=FACE_BOUND('',#2057,.T.);
#2177=FACE_BOUND('',#2058,.T.);
#2178=FACE_BOUND('',#2059,.T.);
#2179=FACE_BOUND('',#2060,.T.);
#2180=FACE_BOUND('',#2061,.T.);
#2181=FACE_BOUND('',#2062,.T.);
#2182=FACE_BOUND('',#2063,.T.);
#2183=FACE_BOUND('',#2064,.T.);
#2184=FACE_BOUND('',#2065,.T.);
#2185=FACE_BOUND('',#2066,.T.);
#2186=FACE_BOUND('',#2067,.T.);
#2187=FACE_BOUND('',#2068,.T.);
#2188=FACE_BOUND('',#2069,.T.);
#2189=FACE_BOUND('',#2070,.T.);
#2190=FACE_BOUND('',#2071,.T.);
#2191=FACE_BOUND('',#2072,.T.);
#2192=FACE_BOUND('',#2073,.T.);
#2193=FACE_BOUND('',#2074,.T.);
#2194=FACE_BOUND('',#2075,.T.);
#2195=FACE_BOUND('',#2076,.T.);
#2196=FACE_BOUND('',#2077,.T.);
#2197=FACE_BOUND('',#2078,.T.);
#2198=FACE_BOUND('',#2079,.T.);
#2199=FACE_BOUND('',#2080,.T.);
#2200=FACE_BOUND('',#2081,.T.);
#2201=FACE_BOUND('',#2082,.T.);
#2202=FACE_BOUND('',#2083,.T.);
#2203=FACE_BOUND('',#2084,.T.);
#2204=FACE_BOUND('',#2085,.T.);
#2205=FACE_BOUND('',#2086,.T.);
#2206=FACE_BOUND('',#2087,.T.);
#2207=FACE_BOUND('',#2088,.T.);
#2208=FACE_BOUND('',#2089,.T.);
#2209=FACE_BOUND('',#2090,.T.);
#2210=FACE_BOUND('',#2091,.T.);
#2211=FACE_BOUND('',#2092,.T.);
#2212=FACE_BOUND('',#2093,.T.);
#2213=FACE_BOUND('',#2094,.T.);
#2214=FACE_BOUND('',#2095,.T.);
#2215=FACE_BOUND('',#2096,.T.);
#2216=FACE_BOUND('',#2097,.T.);
#2217=FACE_BOUND('',#2098,.T.);
#2218=FACE_BOUND('',#2099,.T.);
#2219=FACE_BOUND('',#2100,.T.);
#2220=FACE_BOUND('',#2101,.T.);
#2221=FACE_BOUND('',#2102,.T.);
#2222=FACE_BOUND('',#2103,.T.);
#2223=FACE_BOUND('',#2104,.T.);
#2224=FACE_BOUND('',#2105,.T.);
#2225=FACE_BOUND('',#2106,.T.);
#2226=FACE_BOUND('',#2107,.T.);
#2227=FACE_BOUND('',#2108,.T.);
#2228=FACE_BOUND('',#2109,.T.);
#2229=FACE_BOUND('',#2110,.T.);
#2230=FACE_BOUND('',#2111,.T.);
#2231=FACE_BOUND('',#2112,.T.);
#2232=FACE_BOUND('',#2113,.T.);
#2233=FACE_BOUND('',#2114,.T.);
#2234=FACE_BOUND('',#2115,.T.);
#2235=FACE_BOUND('',#2116,.T.);
#2236=FACE_BOUND('',#2117,.T.);
#2237=FACE_BOUND('',#2118,.T.);
#2238=FACE_BOUND('',#2119,.T.);
#2239=FACE_BOUND('',#2120,.T.);
#2240=FACE_BOUND('',#2121,.T.);
#2241=FACE_BOUND('',#2122,.T.);
#2242=FACE_BOUND('',#2123,.T.);
#2243=FACE_BOUND('',#2124,.T.);
#2244=FACE_BOUND('',#2125,.T.);
#2245=FACE_BOUND('',#2126,.T.);
#2246=CYLINDRICAL_SURFACE('',#3210,0.115);
#2247=CYLINDRICAL_SURFACE('',#3214,0.115);
#2248=CYLINDRICAL_SURFACE('',#3222,0.115);
#2249=CYLINDRICAL_SURFACE('',#3226,0.115);
#2250=CYLINDRICAL_SURFACE('',#3234,0.115);
#2251=CYLINDRICAL_SURFACE('',#3238,0.115);
#2252=CYLINDRICAL_SURFACE('',#3246,0.115);
#2253=CYLINDRICAL_SURFACE('',#3250,0.115);
#2254=CYLINDRICAL_SURFACE('',#3283,0.115);
#2255=CYLINDRICAL_SURFACE('',#3286,0.115);
#2256=CYLINDRICAL_SURFACE('',#3288,0.115);
#2257=CYLINDRICAL_SURFACE('',#3291,0.115);
#2258=CYLINDRICAL_SURFACE('',#3293,0.115);
#2259=CYLINDRICAL_SURFACE('',#3296,0.115);
#2260=CYLINDRICAL_SURFACE('',#3298,0.115);
#2261=CYLINDRICAL_SURFACE('',#3301,0.115);
#2262=CYLINDRICAL_SURFACE('',#3303,0.115);
#2263=CYLINDRICAL_SURFACE('',#3306,0.115);
#2264=CYLINDRICAL_SURFACE('',#3327,0.15);
#2265=CYLINDRICAL_SURFACE('',#3360,0.115);
#2266=CYLINDRICAL_SURFACE('',#3363,0.115);
#2267=STYLED_ITEM('',(#2384),#3088);
#2268=STYLED_ITEM('',(#2385),#3089);
#2269=STYLED_ITEM('',(#2386),#3090);
#2270=STYLED_ITEM('',(#2387),#3091);
#2271=STYLED_ITEM('',(#2388),#3092);
#2272=STYLED_ITEM('',(#2389),#3093);
#2273=STYLED_ITEM('',(#2390),#3094);
#2274=STYLED_ITEM('',(#2391),#3095);
#2275=STYLED_ITEM('',(#2392),#3096);
#2276=STYLED_ITEM('',(#2393),#3097);
#2277=STYLED_ITEM('',(#2394),#3098);
#2278=STYLED_ITEM('',(#2395),#3099);
#2279=STYLED_ITEM('',(#2396),#3100);
#2280=STYLED_ITEM('',(#2397),#3101);
#2281=STYLED_ITEM('',(#2398),#3102);
#2282=STYLED_ITEM('',(#2399),#3103);
#2283=STYLED_ITEM('',(#2400),#3104);
#2284=STYLED_ITEM('',(#2401),#3105);
#2285=STYLED_ITEM('',(#2402),#3106);
#2286=STYLED_ITEM('',(#2403),#3107);
#2287=STYLED_ITEM('',(#2404),#3108);
#2288=STYLED_ITEM('',(#2405),#3109);
#2289=STYLED_ITEM('',(#2406),#3110);
#2290=STYLED_ITEM('',(#2407),#3111);
#2291=STYLED_ITEM('',(#2408),#3112);
#2292=STYLED_ITEM('',(#2409),#3113);
#2293=STYLED_ITEM('',(#2410),#3114);
#2294=STYLED_ITEM('',(#2411),#3115);
#2295=STYLED_ITEM('',(#2412),#3116);
#2296=STYLED_ITEM('',(#2413),#3117);
#2297=STYLED_ITEM('',(#2414),#3118);
#2298=STYLED_ITEM('',(#2415),#3119);
#2299=STYLED_ITEM('',(#2416),#3120);
#2300=STYLED_ITEM('',(#2417),#3121);
#2301=STYLED_ITEM('',(#2418),#3122);
#2302=STYLED_ITEM('',(#2419),#3123);
#2303=STYLED_ITEM('',(#2420),#3124);
#2304=STYLED_ITEM('',(#2421),#3125);
#2305=STYLED_ITEM('',(#2422),#3126);
#2306=STYLED_ITEM('',(#2423),#3127);
#2307=STYLED_ITEM('',(#2424),#3128);
#2308=STYLED_ITEM('',(#2425),#3129);
#2309=STYLED_ITEM('',(#2426),#3130);
#2310=STYLED_ITEM('',(#2427),#3131);
#2311=STYLED_ITEM('',(#2428),#3132);
#2312=STYLED_ITEM('',(#2429),#3133);
#2313=STYLED_ITEM('',(#2430),#3134);
#2314=STYLED_ITEM('',(#2431),#3135);
#2315=STYLED_ITEM('',(#2432),#3136);
#2316=STYLED_ITEM('',(#2433),#3137);
#2317=STYLED_ITEM('',(#2434),#3138);
#2318=STYLED_ITEM('',(#2435),#3139);
#2319=STYLED_ITEM('',(#2436),#3140);
#2320=STYLED_ITEM('',(#2437),#3141);
#2321=STYLED_ITEM('',(#2438),#3142);
#2322=STYLED_ITEM('',(#2439),#3143);
#2323=STYLED_ITEM('',(#2440),#3144);
#2324=STYLED_ITEM('',(#2441),#3145);
#2325=STYLED_ITEM('',(#2442),#3146);
#2326=STYLED_ITEM('',(#2443),#3147);
#2327=STYLED_ITEM('',(#2444),#3148);
#2328=STYLED_ITEM('',(#2445),#3149);
#2329=STYLED_ITEM('',(#2446),#3150);
#2330=STYLED_ITEM('',(#2447),#3151);
#2331=STYLED_ITEM('',(#2448),#3152);
#2332=STYLED_ITEM('',(#2449),#3153);
#2333=STYLED_ITEM('',(#2450),#3154);
#2334=STYLED_ITEM('',(#2451),#3155);
#2335=STYLED_ITEM('',(#2452),#3156);
#2336=STYLED_ITEM('',(#2453),#3157);
#2337=STYLED_ITEM('',(#2454),#3158);
#2338=STYLED_ITEM('',(#2455),#3159);
#2339=STYLED_ITEM('',(#2456),#3160);
#2340=STYLED_ITEM('',(#2457),#3161);
#2341=STYLED_ITEM('',(#2458),#3162);
#2342=STYLED_ITEM('',(#2459),#3163);
#2343=STYLED_ITEM('',(#2460),#3164);
#2344=STYLED_ITEM('',(#2461),#3165);
#2345=STYLED_ITEM('',(#2462),#3166);
#2346=STYLED_ITEM('',(#2463),#3167);
#2347=STYLED_ITEM('',(#2464),#3168);
#2348=STYLED_ITEM('',(#2465),#3169);
#2349=STYLED_ITEM('',(#2466),#3170);
#2350=STYLED_ITEM('',(#2467),#3171);
#2351=STYLED_ITEM('',(#2468),#3172);
#2352=STYLED_ITEM('',(#2469),#3173);
#2353=STYLED_ITEM('',(#2470),#3174);
#2354=STYLED_ITEM('',(#2471),#3175);
#2355=STYLED_ITEM('',(#2472),#3176);
#2356=STYLED_ITEM('',(#2473),#3177);
#2357=STYLED_ITEM('',(#2474),#3178);
#2358=STYLED_ITEM('',(#2475),#3179);
#2359=STYLED_ITEM('',(#2476),#3180);
#2360=STYLED_ITEM('',(#2477),#3181);
#2361=STYLED_ITEM('',(#2478),#3182);
#2362=STYLED_ITEM('',(#2479),#3183);
#2363=STYLED_ITEM('',(#2480),#3184);
#2364=STYLED_ITEM('',(#2481),#3185);
#2365=STYLED_ITEM('',(#2482),#3186);
#2366=STYLED_ITEM('',(#2483),#3187);
#2367=STYLED_ITEM('',(#2484),#3188);
#2368=STYLED_ITEM('',(#2485),#3189);
#2369=STYLED_ITEM('',(#2486),#3190);
#2370=STYLED_ITEM('',(#2487),#3191);
#2371=STYLED_ITEM('',(#2488),#3192);
#2372=STYLED_ITEM('',(#2489),#3193);
#2373=STYLED_ITEM('',(#2490),#3194);
#2374=STYLED_ITEM('',(#2491),#3195);
#2375=STYLED_ITEM('',(#2492),#3196);
#2376=STYLED_ITEM('',(#2493),#3197);
#2377=STYLED_ITEM('',(#2494),#3198);
#2378=STYLED_ITEM('',(#2495),#3199);
#2379=STYLED_ITEM('',(#2496),#3200);
#2380=STYLED_ITEM('',(#2497),#3201);
#2381=STYLED_ITEM('',(#2498),#3202);
#2382=STYLED_ITEM('',(#2499),#3203);
#2383=STYLED_ITEM('',(#2500),#3204);
#2384=PRESENTATION_STYLE_ASSIGNMENT((#2501));
#2385=PRESENTATION_STYLE_ASSIGNMENT((#2502));
#2386=PRESENTATION_STYLE_ASSIGNMENT((#2503));
#2387=PRESENTATION_STYLE_ASSIGNMENT((#2504));
#2388=PRESENTATION_STYLE_ASSIGNMENT((#2505));
#2389=PRESENTATION_STYLE_ASSIGNMENT((#2506));
#2390=PRESENTATION_STYLE_ASSIGNMENT((#2507));
#2391=PRESENTATION_STYLE_ASSIGNMENT((#2508));
#2392=PRESENTATION_STYLE_ASSIGNMENT((#2509));
#2393=PRESENTATION_STYLE_ASSIGNMENT((#2510));
#2394=PRESENTATION_STYLE_ASSIGNMENT((#2511));
#2395=PRESENTATION_STYLE_ASSIGNMENT((#2512));
#2396=PRESENTATION_STYLE_ASSIGNMENT((#2513));
#2397=PRESENTATION_STYLE_ASSIGNMENT((#2514));
#2398=PRESENTATION_STYLE_ASSIGNMENT((#2515));
#2399=PRESENTATION_STYLE_ASSIGNMENT((#2516));
#2400=PRESENTATION_STYLE_ASSIGNMENT((#2517));
#2401=PRESENTATION_STYLE_ASSIGNMENT((#2518));
#2402=PRESENTATION_STYLE_ASSIGNMENT((#2519));
#2403=PRESENTATION_STYLE_ASSIGNMENT((#2520));
#2404=PRESENTATION_STYLE_ASSIGNMENT((#2521));
#2405=PRESENTATION_STYLE_ASSIGNMENT((#2522));
#2406=PRESENTATION_STYLE_ASSIGNMENT((#2523));
#2407=PRESENTATION_STYLE_ASSIGNMENT((#2524));
#2408=PRESENTATION_STYLE_ASSIGNMENT((#2525));
#2409=PRESENTATION_STYLE_ASSIGNMENT((#2526));
#2410=PRESENTATION_STYLE_ASSIGNMENT((#2527));
#2411=PRESENTATION_STYLE_ASSIGNMENT((#2528));
#2412=PRESENTATION_STYLE_ASSIGNMENT((#2529));
#2413=PRESENTATION_STYLE_ASSIGNMENT((#2530));
#2414=PRESENTATION_STYLE_ASSIGNMENT((#2531));
#2415=PRESENTATION_STYLE_ASSIGNMENT((#2532));
#2416=PRESENTATION_STYLE_ASSIGNMENT((#2533));
#2417=PRESENTATION_STYLE_ASSIGNMENT((#2534));
#2418=PRESENTATION_STYLE_ASSIGNMENT((#2535));
#2419=PRESENTATION_STYLE_ASSIGNMENT((#2536));
#2420=PRESENTATION_STYLE_ASSIGNMENT((#2537));
#2421=PRESENTATION_STYLE_ASSIGNMENT((#2538));
#2422=PRESENTATION_STYLE_ASSIGNMENT((#2539));
#2423=PRESENTATION_STYLE_ASSIGNMENT((#2540));
#2424=PRESENTATION_STYLE_ASSIGNMENT((#2541));
#2425=PRESENTATION_STYLE_ASSIGNMENT((#2542));
#2426=PRESENTATION_STYLE_ASSIGNMENT((#2543));
#2427=PRESENTATION_STYLE_ASSIGNMENT((#2544));
#2428=PRESENTATION_STYLE_ASSIGNMENT((#2545));
#2429=PRESENTATION_STYLE_ASSIGNMENT((#2546));
#2430=PRESENTATION_STYLE_ASSIGNMENT((#2547));
#2431=PRESENTATION_STYLE_ASSIGNMENT((#2548));
#2432=PRESENTATION_STYLE_ASSIGNMENT((#2549));
#2433=PRESENTATION_STYLE_ASSIGNMENT((#2550));
#2434=PRESENTATION_STYLE_ASSIGNMENT((#2551));
#2435=PRESENTATION_STYLE_ASSIGNMENT((#2552));
#2436=PRESENTATION_STYLE_ASSIGNMENT((#2553));
#2437=PRESENTATION_STYLE_ASSIGNMENT((#2554));
#2438=PRESENTATION_STYLE_ASSIGNMENT((#2555));
#2439=PRESENTATION_STYLE_ASSIGNMENT((#2556));
#2440=PRESENTATION_STYLE_ASSIGNMENT((#2557));
#2441=PRESENTATION_STYLE_ASSIGNMENT((#2558));
#2442=PRESENTATION_STYLE_ASSIGNMENT((#2559));
#2443=PRESENTATION_STYLE_ASSIGNMENT((#2560));
#2444=PRESENTATION_STYLE_ASSIGNMENT((#2561));
#2445=PRESENTATION_STYLE_ASSIGNMENT((#2562));
#2446=PRESENTATION_STYLE_ASSIGNMENT((#2563));
#2447=PRESENTATION_STYLE_ASSIGNMENT((#2564));
#2448=PRESENTATION_STYLE_ASSIGNMENT((#2565));
#2449=PRESENTATION_STYLE_ASSIGNMENT((#2566));
#2450=PRESENTATION_STYLE_ASSIGNMENT((#2567));
#2451=PRESENTATION_STYLE_ASSIGNMENT((#2568));
#2452=PRESENTATION_STYLE_ASSIGNMENT((#2569));
#2453=PRESENTATION_STYLE_ASSIGNMENT((#2570));
#2454=PRESENTATION_STYLE_ASSIGNMENT((#2571));
#2455=PRESENTATION_STYLE_ASSIGNMENT((#2572));
#2456=PRESENTATION_STYLE_ASSIGNMENT((#2573));
#2457=PRESENTATION_STYLE_ASSIGNMENT((#2574));
#2458=PRESENTATION_STYLE_ASSIGNMENT((#2575));
#2459=PRESENTATION_STYLE_ASSIGNMENT((#2576));
#2460=PRESENTATION_STYLE_ASSIGNMENT((#2577));
#2461=PRESENTATION_STYLE_ASSIGNMENT((#2578));
#2462=PRESENTATION_STYLE_ASSIGNMENT((#2579));
#2463=PRESENTATION_STYLE_ASSIGNMENT((#2580));
#2464=PRESENTATION_STYLE_ASSIGNMENT((#2581));
#2465=PRESENTATION_STYLE_ASSIGNMENT((#2582));
#2466=PRESENTATION_STYLE_ASSIGNMENT((#2583));
#2467=PRESENTATION_STYLE_ASSIGNMENT((#2584));
#2468=PRESENTATION_STYLE_ASSIGNMENT((#2585));
#2469=PRESENTATION_STYLE_ASSIGNMENT((#2586));
#2470=PRESENTATION_STYLE_ASSIGNMENT((#2587));
#2471=PRESENTATION_STYLE_ASSIGNMENT((#2588));
#2472=PRESENTATION_STYLE_ASSIGNMENT((#2589));
#2473=PRESENTATION_STYLE_ASSIGNMENT((#2590));
#2474=PRESENTATION_STYLE_ASSIGNMENT((#2591));
#2475=PRESENTATION_STYLE_ASSIGNMENT((#2592));
#2476=PRESENTATION_STYLE_ASSIGNMENT((#2593));
#2477=PRESENTATION_STYLE_ASSIGNMENT((#2594));
#2478=PRESENTATION_STYLE_ASSIGNMENT((#2595));
#2479=PRESENTATION_STYLE_ASSIGNMENT((#2596));
#2480=PRESENTATION_STYLE_ASSIGNMENT((#2597));
#2481=PRESENTATION_STYLE_ASSIGNMENT((#2598));
#2482=PRESENTATION_STYLE_ASSIGNMENT((#2599));
#2483=PRESENTATION_STYLE_ASSIGNMENT((#2600));
#2484=PRESENTATION_STYLE_ASSIGNMENT((#2601));
#2485=PRESENTATION_STYLE_ASSIGNMENT((#2602));
#2486=PRESENTATION_STYLE_ASSIGNMENT((#2603));
#2487=PRESENTATION_STYLE_ASSIGNMENT((#2604));
#2488=PRESENTATION_STYLE_ASSIGNMENT((#2605));
#2489=PRESENTATION_STYLE_ASSIGNMENT((#2606));
#2490=PRESENTATION_STYLE_ASSIGNMENT((#2607));
#2491=PRESENTATION_STYLE_ASSIGNMENT((#2608));
#2492=PRESENTATION_STYLE_ASSIGNMENT((#2609));
#2493=PRESENTATION_STYLE_ASSIGNMENT((#2610));
#2494=PRESENTATION_STYLE_ASSIGNMENT((#2611));
#2495=PRESENTATION_STYLE_ASSIGNMENT((#2612));
#2496=PRESENTATION_STYLE_ASSIGNMENT((#2613));
#2497=PRESENTATION_STYLE_ASSIGNMENT((#2614));
#2498=PRESENTATION_STYLE_ASSIGNMENT((#2615));
#2499=PRESENTATION_STYLE_ASSIGNMENT((#2616));
#2500=PRESENTATION_STYLE_ASSIGNMENT((#2617));
#2501=SURFACE_STYLE_USAGE(.BOTH.,#2618);
#2502=SURFACE_STYLE_USAGE(.BOTH.,#2619);
#2503=SURFACE_STYLE_USAGE(.BOTH.,#2620);
#2504=SURFACE_STYLE_USAGE(.BOTH.,#2621);
#2505=SURFACE_STYLE_USAGE(.BOTH.,#2622);
#2506=SURFACE_STYLE_USAGE(.BOTH.,#2623);
#2507=SURFACE_STYLE_USAGE(.BOTH.,#2624);
#2508=SURFACE_STYLE_USAGE(.BOTH.,#2625);
#2509=SURFACE_STYLE_USAGE(.BOTH.,#2626);
#2510=SURFACE_STYLE_USAGE(.BOTH.,#2627);
#2511=SURFACE_STYLE_USAGE(.BOTH.,#2628);
#2512=SURFACE_STYLE_USAGE(.BOTH.,#2629);
#2513=SURFACE_STYLE_USAGE(.BOTH.,#2630);
#2514=SURFACE_STYLE_USAGE(.BOTH.,#2631);
#2515=SURFACE_STYLE_USAGE(.BOTH.,#2632);
#2516=SURFACE_STYLE_USAGE(.BOTH.,#2633);
#2517=SURFACE_STYLE_USAGE(.BOTH.,#2634);
#2518=SURFACE_STYLE_USAGE(.BOTH.,#2635);
#2519=SURFACE_STYLE_USAGE(.BOTH.,#2636);
#2520=SURFACE_STYLE_USAGE(.BOTH.,#2637);
#2521=SURFACE_STYLE_USAGE(.BOTH.,#2638);
#2522=SURFACE_STYLE_USAGE(.BOTH.,#2639);
#2523=SURFACE_STYLE_USAGE(.BOTH.,#2640);
#2524=SURFACE_STYLE_USAGE(.BOTH.,#2641);
#2525=SURFACE_STYLE_USAGE(.BOTH.,#2642);
#2526=SURFACE_STYLE_USAGE(.BOTH.,#2643);
#2527=SURFACE_STYLE_USAGE(.BOTH.,#2644);
#2528=SURFACE_STYLE_USAGE(.BOTH.,#2645);
#2529=SURFACE_STYLE_USAGE(.BOTH.,#2646);
#2530=SURFACE_STYLE_USAGE(.BOTH.,#2647);
#2531=SURFACE_STYLE_USAGE(.BOTH.,#2648);
#2532=SURFACE_STYLE_USAGE(.BOTH.,#2649);
#2533=SURFACE_STYLE_USAGE(.BOTH.,#2650);
#2534=SURFACE_STYLE_USAGE(.BOTH.,#2651);
#2535=SURFACE_STYLE_USAGE(.BOTH.,#2652);
#2536=SURFACE_STYLE_USAGE(.BOTH.,#2653);
#2537=SURFACE_STYLE_USAGE(.BOTH.,#2654);
#2538=SURFACE_STYLE_USAGE(.BOTH.,#2655);
#2539=SURFACE_STYLE_USAGE(.BOTH.,#2656);
#2540=SURFACE_STYLE_USAGE(.BOTH.,#2657);
#2541=SURFACE_STYLE_USAGE(.BOTH.,#2658);
#2542=SURFACE_STYLE_USAGE(.BOTH.,#2659);
#2543=SURFACE_STYLE_USAGE(.BOTH.,#2660);
#2544=SURFACE_STYLE_USAGE(.BOTH.,#2661);
#2545=SURFACE_STYLE_USAGE(.BOTH.,#2662);
#2546=SURFACE_STYLE_USAGE(.BOTH.,#2663);
#2547=SURFACE_STYLE_USAGE(.BOTH.,#2664);
#2548=SURFACE_STYLE_USAGE(.BOTH.,#2665);
#2549=SURFACE_STYLE_USAGE(.BOTH.,#2666);
#2550=SURFACE_STYLE_USAGE(.BOTH.,#2667);
#2551=SURFACE_STYLE_USAGE(.BOTH.,#2668);
#2552=SURFACE_STYLE_USAGE(.BOTH.,#2669);
#2553=SURFACE_STYLE_USAGE(.BOTH.,#2670);
#2554=SURFACE_STYLE_USAGE(.BOTH.,#2671);
#2555=SURFACE_STYLE_USAGE(.BOTH.,#2672);
#2556=SURFACE_STYLE_USAGE(.BOTH.,#2673);
#2557=SURFACE_STYLE_USAGE(.BOTH.,#2674);
#2558=SURFACE_STYLE_USAGE(.BOTH.,#2675);
#2559=SURFACE_STYLE_USAGE(.BOTH.,#2676);
#2560=SURFACE_STYLE_USAGE(.BOTH.,#2677);
#2561=SURFACE_STYLE_USAGE(.BOTH.,#2678);
#2562=SURFACE_STYLE_USAGE(.BOTH.,#2679);
#2563=SURFACE_STYLE_USAGE(.BOTH.,#2680);
#2564=SURFACE_STYLE_USAGE(.BOTH.,#2681);
#2565=SURFACE_STYLE_USAGE(.BOTH.,#2682);
#2566=SURFACE_STYLE_USAGE(.BOTH.,#2683);
#2567=SURFACE_STYLE_USAGE(.BOTH.,#2684);
#2568=SURFACE_STYLE_USAGE(.BOTH.,#2685);
#2569=SURFACE_STYLE_USAGE(.BOTH.,#2686);
#2570=SURFACE_STYLE_USAGE(.BOTH.,#2687);
#2571=SURFACE_STYLE_USAGE(.BOTH.,#2688);
#2572=SURFACE_STYLE_USAGE(.BOTH.,#2689);
#2573=SURFACE_STYLE_USAGE(.BOTH.,#2690);
#2574=SURFACE_STYLE_USAGE(.BOTH.,#2691);
#2575=SURFACE_STYLE_USAGE(.BOTH.,#2692);
#2576=SURFACE_STYLE_USAGE(.BOTH.,#2693);
#2577=SURFACE_STYLE_USAGE(.BOTH.,#2694);
#2578=SURFACE_STYLE_USAGE(.BOTH.,#2695);
#2579=SURFACE_STYLE_USAGE(.BOTH.,#2696);
#2580=SURFACE_STYLE_USAGE(.BOTH.,#2697);
#2581=SURFACE_STYLE_USAGE(.BOTH.,#2698);
#2582=SURFACE_STYLE_USAGE(.BOTH.,#2699);
#2583=SURFACE_STYLE_USAGE(.BOTH.,#2700);
#2584=SURFACE_STYLE_USAGE(.BOTH.,#2701);
#2585=SURFACE_STYLE_USAGE(.BOTH.,#2702);
#2586=SURFACE_STYLE_USAGE(.BOTH.,#2703);
#2587=SURFACE_STYLE_USAGE(.BOTH.,#2704);
#2588=SURFACE_STYLE_USAGE(.BOTH.,#2705);
#2589=SURFACE_STYLE_USAGE(.BOTH.,#2706);
#2590=SURFACE_STYLE_USAGE(.BOTH.,#2707);
#2591=SURFACE_STYLE_USAGE(.BOTH.,#2708);
#2592=SURFACE_STYLE_USAGE(.BOTH.,#2709);
#2593=SURFACE_STYLE_USAGE(.BOTH.,#2710);
#2594=SURFACE_STYLE_USAGE(.BOTH.,#2711);
#2595=SURFACE_STYLE_USAGE(.BOTH.,#2712);
#2596=SURFACE_STYLE_USAGE(.BOTH.,#2713);
#2597=SURFACE_STYLE_USAGE(.BOTH.,#2714);
#2598=SURFACE_STYLE_USAGE(.BOTH.,#2715);
#2599=SURFACE_STYLE_USAGE(.BOTH.,#2716);
#2600=SURFACE_STYLE_USAGE(.BOTH.,#2717);
#2601=SURFACE_STYLE_USAGE(.BOTH.,#2718);
#2602=SURFACE_STYLE_USAGE(.BOTH.,#2719);
#2603=SURFACE_STYLE_USAGE(.BOTH.,#2720);
#2604=SURFACE_STYLE_USAGE(.BOTH.,#2721);
#2605=SURFACE_STYLE_USAGE(.BOTH.,#2722);
#2606=SURFACE_STYLE_USAGE(.BOTH.,#2723);
#2607=SURFACE_STYLE_USAGE(.BOTH.,#2724);
#2608=SURFACE_STYLE_USAGE(.BOTH.,#2725);
#2609=SURFACE_STYLE_USAGE(.BOTH.,#2726);
#2610=SURFACE_STYLE_USAGE(.BOTH.,#2727);
#2611=SURFACE_STYLE_USAGE(.BOTH.,#2728);
#2612=SURFACE_STYLE_USAGE(.BOTH.,#2729);
#2613=SURFACE_STYLE_USAGE(.BOTH.,#2730);
#2614=SURFACE_STYLE_USAGE(.BOTH.,#2731);
#2615=SURFACE_STYLE_USAGE(.BOTH.,#2732);
#2616=SURFACE_STYLE_USAGE(.BOTH.,#2733);
#2617=SURFACE_STYLE_USAGE(.BOTH.,#2734);
#2618=SURFACE_SIDE_STYLE('',(#2735));
#2619=SURFACE_SIDE_STYLE('',(#2736));
#2620=SURFACE_SIDE_STYLE('',(#2737));
#2621=SURFACE_SIDE_STYLE('',(#2738));
#2622=SURFACE_SIDE_STYLE('',(#2739));
#2623=SURFACE_SIDE_STYLE('',(#2740));
#2624=SURFACE_SIDE_STYLE('',(#2741));
#2625=SURFACE_SIDE_STYLE('',(#2742));
#2626=SURFACE_SIDE_STYLE('',(#2743));
#2627=SURFACE_SIDE_STYLE('',(#2744));
#2628=SURFACE_SIDE_STYLE('',(#2745));
#2629=SURFACE_SIDE_STYLE('',(#2746));
#2630=SURFACE_SIDE_STYLE('',(#2747));
#2631=SURFACE_SIDE_STYLE('',(#2748));
#2632=SURFACE_SIDE_STYLE('',(#2749));
#2633=SURFACE_SIDE_STYLE('',(#2750));
#2634=SURFACE_SIDE_STYLE('',(#2751));
#2635=SURFACE_SIDE_STYLE('',(#2752));
#2636=SURFACE_SIDE_STYLE('',(#2753));
#2637=SURFACE_SIDE_STYLE('',(#2754));
#2638=SURFACE_SIDE_STYLE('',(#2755));
#2639=SURFACE_SIDE_STYLE('',(#2756));
#2640=SURFACE_SIDE_STYLE('',(#2757));
#2641=SURFACE_SIDE_STYLE('',(#2758));
#2642=SURFACE_SIDE_STYLE('',(#2759));
#2643=SURFACE_SIDE_STYLE('',(#2760));
#2644=SURFACE_SIDE_STYLE('',(#2761));
#2645=SURFACE_SIDE_STYLE('',(#2762));
#2646=SURFACE_SIDE_STYLE('',(#2763));
#2647=SURFACE_SIDE_STYLE('',(#2764));
#2648=SURFACE_SIDE_STYLE('',(#2765));
#2649=SURFACE_SIDE_STYLE('',(#2766));
#2650=SURFACE_SIDE_STYLE('',(#2767));
#2651=SURFACE_SIDE_STYLE('',(#2768));
#2652=SURFACE_SIDE_STYLE('',(#2769));
#2653=SURFACE_SIDE_STYLE('',(#2770));
#2654=SURFACE_SIDE_STYLE('',(#2771));
#2655=SURFACE_SIDE_STYLE('',(#2772));
#2656=SURFACE_SIDE_STYLE('',(#2773));
#2657=SURFACE_SIDE_STYLE('',(#2774));
#2658=SURFACE_SIDE_STYLE('',(#2775));
#2659=SURFACE_SIDE_STYLE('',(#2776));
#2660=SURFACE_SIDE_STYLE('',(#2777));
#2661=SURFACE_SIDE_STYLE('',(#2778));
#2662=SURFACE_SIDE_STYLE('',(#2779));
#2663=SURFACE_SIDE_STYLE('',(#2780));
#2664=SURFACE_SIDE_STYLE('',(#2781));
#2665=SURFACE_SIDE_STYLE('',(#2782));
#2666=SURFACE_SIDE_STYLE('',(#2783));
#2667=SURFACE_SIDE_STYLE('',(#2784));
#2668=SURFACE_SIDE_STYLE('',(#2785));
#2669=SURFACE_SIDE_STYLE('',(#2786));
#2670=SURFACE_SIDE_STYLE('',(#2787));
#2671=SURFACE_SIDE_STYLE('',(#2788));
#2672=SURFACE_SIDE_STYLE('',(#2789));
#2673=SURFACE_SIDE_STYLE('',(#2790));
#2674=SURFACE_SIDE_STYLE('',(#2791));
#2675=SURFACE_SIDE_STYLE('',(#2792));
#2676=SURFACE_SIDE_STYLE('',(#2793));
#2677=SURFACE_SIDE_STYLE('',(#2794));
#2678=SURFACE_SIDE_STYLE('',(#2795));
#2679=SURFACE_SIDE_STYLE('',(#2796));
#2680=SURFACE_SIDE_STYLE('',(#2797));
#2681=SURFACE_SIDE_STYLE('',(#2798));
#2682=SURFACE_SIDE_STYLE('',(#2799));
#2683=SURFACE_SIDE_STYLE('',(#2800));
#2684=SURFACE_SIDE_STYLE('',(#2801));
#2685=SURFACE_SIDE_STYLE('',(#2802));
#2686=SURFACE_SIDE_STYLE('',(#2803));
#2687=SURFACE_SIDE_STYLE('',(#2804));
#2688=SURFACE_SIDE_STYLE('',(#2805));
#2689=SURFACE_SIDE_STYLE('',(#2806));
#2690=SURFACE_SIDE_STYLE('',(#2807));
#2691=SURFACE_SIDE_STYLE('',(#2808));
#2692=SURFACE_SIDE_STYLE('',(#2809));
#2693=SURFACE_SIDE_STYLE('',(#2810));
#2694=SURFACE_SIDE_STYLE('',(#2811));
#2695=SURFACE_SIDE_STYLE('',(#2812));
#2696=SURFACE_SIDE_STYLE('',(#2813));
#2697=SURFACE_SIDE_STYLE('',(#2814));
#2698=SURFACE_SIDE_STYLE('',(#2815));
#2699=SURFACE_SIDE_STYLE('',(#2816));
#2700=SURFACE_SIDE_STYLE('',(#2817));
#2701=SURFACE_SIDE_STYLE('',(#2818));
#2702=SURFACE_SIDE_STYLE('',(#2819));
#2703=SURFACE_SIDE_STYLE('',(#2820));
#2704=SURFACE_SIDE_STYLE('',(#2821));
#2705=SURFACE_SIDE_STYLE('',(#2822));
#2706=SURFACE_SIDE_STYLE('',(#2823));
#2707=SURFACE_SIDE_STYLE('',(#2824));
#2708=SURFACE_SIDE_STYLE('',(#2825));
#2709=SURFACE_SIDE_STYLE('',(#2826));
#2710=SURFACE_SIDE_STYLE('',(#2827));
#2711=SURFACE_SIDE_STYLE('',(#2828));
#2712=SURFACE_SIDE_STYLE('',(#2829));
#2713=SURFACE_SIDE_STYLE('',(#2830));
#2714=SURFACE_SIDE_STYLE('',(#2831));
#2715=SURFACE_SIDE_STYLE('',(#2832));
#2716=SURFACE_SIDE_STYLE('',(#2833));
#2717=SURFACE_SIDE_STYLE('',(#2834));
#2718=SURFACE_SIDE_STYLE('',(#2835));
#2719=SURFACE_SIDE_STYLE('',(#2836));
#2720=SURFACE_SIDE_STYLE('',(#2837));
#2721=SURFACE_SIDE_STYLE('',(#2838));
#2722=SURFACE_SIDE_STYLE('',(#2839));
#2723=SURFACE_SIDE_STYLE('',(#2840));
#2724=SURFACE_SIDE_STYLE('',(#2841));
#2725=SURFACE_SIDE_STYLE('',(#2842));
#2726=SURFACE_SIDE_STYLE('',(#2843));
#2727=SURFACE_SIDE_STYLE('',(#2844));
#2728=SURFACE_SIDE_STYLE('',(#2845));
#2729=SURFACE_SIDE_STYLE('',(#2846));
#2730=SURFACE_SIDE_STYLE('',(#2847));
#2731=SURFACE_SIDE_STYLE('',(#2848));
#2732=SURFACE_SIDE_STYLE('',(#2849));
#2733=SURFACE_SIDE_STYLE('',(#2850));
#2734=SURFACE_SIDE_STYLE('',(#2851));
#2735=SURFACE_STYLE_FILL_AREA(#2852);
#2736=SURFACE_STYLE_FILL_AREA(#2853);
#2737=SURFACE_STYLE_FILL_AREA(#2854);
#2738=SURFACE_STYLE_FILL_AREA(#2855);
#2739=SURFACE_STYLE_FILL_AREA(#2856);
#2740=SURFACE_STYLE_FILL_AREA(#2857);
#2741=SURFACE_STYLE_FILL_AREA(#2858);
#2742=SURFACE_STYLE_FILL_AREA(#2859);
#2743=SURFACE_STYLE_FILL_AREA(#2860);
#2744=SURFACE_STYLE_FILL_AREA(#2861);
#2745=SURFACE_STYLE_FILL_AREA(#2862);
#2746=SURFACE_STYLE_FILL_AREA(#2863);
#2747=SURFACE_STYLE_FILL_AREA(#2864);
#2748=SURFACE_STYLE_FILL_AREA(#2865);
#2749=SURFACE_STYLE_FILL_AREA(#2866);
#2750=SURFACE_STYLE_FILL_AREA(#2867);
#2751=SURFACE_STYLE_FILL_AREA(#2868);
#2752=SURFACE_STYLE_FILL_AREA(#2869);
#2753=SURFACE_STYLE_FILL_AREA(#2870);
#2754=SURFACE_STYLE_FILL_AREA(#2871);
#2755=SURFACE_STYLE_FILL_AREA(#2872);
#2756=SURFACE_STYLE_FILL_AREA(#2873);
#2757=SURFACE_STYLE_FILL_AREA(#2874);
#2758=SURFACE_STYLE_FILL_AREA(#2875);
#2759=SURFACE_STYLE_FILL_AREA(#2876);
#2760=SURFACE_STYLE_FILL_AREA(#2877);
#2761=SURFACE_STYLE_FILL_AREA(#2878);
#2762=SURFACE_STYLE_FILL_AREA(#2879);
#2763=SURFACE_STYLE_FILL_AREA(#2880);
#2764=SURFACE_STYLE_FILL_AREA(#2881);
#2765=SURFACE_STYLE_FILL_AREA(#2882);
#2766=SURFACE_STYLE_FILL_AREA(#2883);
#2767=SURFACE_STYLE_FILL_AREA(#2884);
#2768=SURFACE_STYLE_FILL_AREA(#2885);
#2769=SURFACE_STYLE_FILL_AREA(#2886);
#2770=SURFACE_STYLE_FILL_AREA(#2887);
#2771=SURFACE_STYLE_FILL_AREA(#2888);
#2772=SURFACE_STYLE_FILL_AREA(#2889);
#2773=SURFACE_STYLE_FILL_AREA(#2890);
#2774=SURFACE_STYLE_FILL_AREA(#2891);
#2775=SURFACE_STYLE_FILL_AREA(#2892);
#2776=SURFACE_STYLE_FILL_AREA(#2893);
#2777=SURFACE_STYLE_FILL_AREA(#2894);
#2778=SURFACE_STYLE_FILL_AREA(#2895);
#2779=SURFACE_STYLE_FILL_AREA(#2896);
#2780=SURFACE_STYLE_FILL_AREA(#2897);
#2781=SURFACE_STYLE_FILL_AREA(#2898);
#2782=SURFACE_STYLE_FILL_AREA(#2899);
#2783=SURFACE_STYLE_FILL_AREA(#2900);
#2784=SURFACE_STYLE_FILL_AREA(#2901);
#2785=SURFACE_STYLE_FILL_AREA(#2902);
#2786=SURFACE_STYLE_FILL_AREA(#2903);
#2787=SURFACE_STYLE_FILL_AREA(#2904);
#2788=SURFACE_STYLE_FILL_AREA(#2905);
#2789=SURFACE_STYLE_FILL_AREA(#2906);
#2790=SURFACE_STYLE_FILL_AREA(#2907);
#2791=SURFACE_STYLE_FILL_AREA(#2908);
#2792=SURFACE_STYLE_FILL_AREA(#2909);
#2793=SURFACE_STYLE_FILL_AREA(#2910);
#2794=SURFACE_STYLE_FILL_AREA(#2911);
#2795=SURFACE_STYLE_FILL_AREA(#2912);
#2796=SURFACE_STYLE_FILL_AREA(#2913);
#2797=SURFACE_STYLE_FILL_AREA(#2914);
#2798=SURFACE_STYLE_FILL_AREA(#2915);
#2799=SURFACE_STYLE_FILL_AREA(#2916);
#2800=SURFACE_STYLE_FILL_AREA(#2917);
#2801=SURFACE_STYLE_FILL_AREA(#2918);
#2802=SURFACE_STYLE_FILL_AREA(#2919);
#2803=SURFACE_STYLE_FILL_AREA(#2920);
#2804=SURFACE_STYLE_FILL_AREA(#2921);
#2805=SURFACE_STYLE_FILL_AREA(#2922);
#2806=SURFACE_STYLE_FILL_AREA(#2923);
#2807=SURFACE_STYLE_FILL_AREA(#2924);
#2808=SURFACE_STYLE_FILL_AREA(#2925);
#2809=SURFACE_STYLE_FILL_AREA(#2926);
#2810=SURFACE_STYLE_FILL_AREA(#2927);
#2811=SURFACE_STYLE_FILL_AREA(#2928);
#2812=SURFACE_STYLE_FILL_AREA(#2929);
#2813=SURFACE_STYLE_FILL_AREA(#2930);
#2814=SURFACE_STYLE_FILL_AREA(#2931);
#2815=SURFACE_STYLE_FILL_AREA(#2932);
#2816=SURFACE_STYLE_FILL_AREA(#2933);
#2817=SURFACE_STYLE_FILL_AREA(#2934);
#2818=SURFACE_STYLE_FILL_AREA(#2935);
#2819=SURFACE_STYLE_FILL_AREA(#2936);
#2820=SURFACE_STYLE_FILL_AREA(#2937);
#2821=SURFACE_STYLE_FILL_AREA(#2938);
#2822=SURFACE_STYLE_FILL_AREA(#2939);
#2823=SURFACE_STYLE_FILL_AREA(#2940);
#2824=SURFACE_STYLE_FILL_AREA(#2941);
#2825=SURFACE_STYLE_FILL_AREA(#2942);
#2826=SURFACE_STYLE_FILL_AREA(#2943);
#2827=SURFACE_STYLE_FILL_AREA(#2944);
#2828=SURFACE_STYLE_FILL_AREA(#2945);
#2829=SURFACE_STYLE_FILL_AREA(#2946);
#2830=SURFACE_STYLE_FILL_AREA(#2947);
#2831=SURFACE_STYLE_FILL_AREA(#2948);
#2832=SURFACE_STYLE_FILL_AREA(#2949);
#2833=SURFACE_STYLE_FILL_AREA(#2950);
#2834=SURFACE_STYLE_FILL_AREA(#2951);
#2835=SURFACE_STYLE_FILL_AREA(#2952);
#2836=SURFACE_STYLE_FILL_AREA(#2953);
#2837=SURFACE_STYLE_FILL_AREA(#2954);
#2838=SURFACE_STYLE_FILL_AREA(#2955);
#2839=SURFACE_STYLE_FILL_AREA(#2956);
#2840=SURFACE_STYLE_FILL_AREA(#2957);
#2841=SURFACE_STYLE_FILL_AREA(#2958);
#2842=SURFACE_STYLE_FILL_AREA(#2959);
#2843=SURFACE_STYLE_FILL_AREA(#2960);
#2844=SURFACE_STYLE_FILL_AREA(#2961);
#2845=SURFACE_STYLE_FILL_AREA(#2962);
#2846=SURFACE_STYLE_FILL_AREA(#2963);
#2847=SURFACE_STYLE_FILL_AREA(#2964);
#2848=SURFACE_STYLE_FILL_AREA(#2965);
#2849=SURFACE_STYLE_FILL_AREA(#2966);
#2850=SURFACE_STYLE_FILL_AREA(#2967);
#2851=SURFACE_STYLE_FILL_AREA(#2968);
#2852=FILL_AREA_STYLE('',(#2969));
#2853=FILL_AREA_STYLE('',(#2970));
#2854=FILL_AREA_STYLE('',(#2971));
#2855=FILL_AREA_STYLE('',(#2972));
#2856=FILL_AREA_STYLE('',(#2973));
#2857=FILL_AREA_STYLE('',(#2974));
#2858=FILL_AREA_STYLE('',(#2975));
#2859=FILL_AREA_STYLE('',(#2976));
#2860=FILL_AREA_STYLE('',(#2977));
#2861=FILL_AREA_STYLE('',(#2978));
#2862=FILL_AREA_STYLE('',(#2979));
#2863=FILL_AREA_STYLE('',(#2980));
#2864=FILL_AREA_STYLE('',(#2981));
#2865=FILL_AREA_STYLE('',(#2982));
#2866=FILL_AREA_STYLE('',(#2983));
#2867=FILL_AREA_STYLE('',(#2984));
#2868=FILL_AREA_STYLE('',(#2985));
#2869=FILL_AREA_STYLE('',(#2986));
#2870=FILL_AREA_STYLE('',(#2987));
#2871=FILL_AREA_STYLE('',(#2988));
#2872=FILL_AREA_STYLE('',(#2989));
#2873=FILL_AREA_STYLE('',(#2990));
#2874=FILL_AREA_STYLE('',(#2991));
#2875=FILL_AREA_STYLE('',(#2992));
#2876=FILL_AREA_STYLE('',(#2993));
#2877=FILL_AREA_STYLE('',(#2994));
#2878=FILL_AREA_STYLE('',(#2995));
#2879=FILL_AREA_STYLE('',(#2996));
#2880=FILL_AREA_STYLE('',(#2997));
#2881=FILL_AREA_STYLE('',(#2998));
#2882=FILL_AREA_STYLE('',(#2999));
#2883=FILL_AREA_STYLE('',(#3000));
#2884=FILL_AREA_STYLE('',(#3001));
#2885=FILL_AREA_STYLE('',(#3002));
#2886=FILL_AREA_STYLE('',(#3003));
#2887=FILL_AREA_STYLE('',(#3004));
#2888=FILL_AREA_STYLE('',(#3005));
#2889=FILL_AREA_STYLE('',(#3006));
#2890=FILL_AREA_STYLE('',(#3007));
#2891=FILL_AREA_STYLE('',(#3008));
#2892=FILL_AREA_STYLE('',(#3009));
#2893=FILL_AREA_STYLE('',(#3010));
#2894=FILL_AREA_STYLE('',(#3011));
#2895=FILL_AREA_STYLE('',(#3012));
#2896=FILL_AREA_STYLE('',(#3013));
#2897=FILL_AREA_STYLE('',(#3014));
#2898=FILL_AREA_STYLE('',(#3015));
#2899=FILL_AREA_STYLE('',(#3016));
#2900=FILL_AREA_STYLE('',(#3017));
#2901=FILL_AREA_STYLE('',(#3018));
#2902=FILL_AREA_STYLE('',(#3019));
#2903=FILL_AREA_STYLE('',(#3020));
#2904=FILL_AREA_STYLE('',(#3021));
#2905=FILL_AREA_STYLE('',(#3022));
#2906=FILL_AREA_STYLE('',(#3023));
#2907=FILL_AREA_STYLE('',(#3024));
#2908=FILL_AREA_STYLE('',(#3025));
#2909=FILL_AREA_STYLE('',(#3026));
#2910=FILL_AREA_STYLE('',(#3027));
#2911=FILL_AREA_STYLE('',(#3028));
#2912=FILL_AREA_STYLE('',(#3029));
#2913=FILL_AREA_STYLE('',(#3030));
#2914=FILL_AREA_STYLE('',(#3031));
#2915=FILL_AREA_STYLE('',(#3032));
#2916=FILL_AREA_STYLE('',(#3033));
#2917=FILL_AREA_STYLE('',(#3034));
#2918=FILL_AREA_STYLE('',(#3035));
#2919=FILL_AREA_STYLE('',(#3036));
#2920=FILL_AREA_STYLE('',(#3037));
#2921=FILL_AREA_STYLE('',(#3038));
#2922=FILL_AREA_STYLE('',(#3039));
#2923=FILL_AREA_STYLE('',(#3040));
#2924=FILL_AREA_STYLE('',(#3041));
#2925=FILL_AREA_STYLE('',(#3042));
#2926=FILL_AREA_STYLE('',(#3043));
#2927=FILL_AREA_STYLE('',(#3044));
#2928=FILL_AREA_STYLE('',(#3045));
#2929=FILL_AREA_STYLE('',(#3046));
#2930=FILL_AREA_STYLE('',(#3047));
#2931=FILL_AREA_STYLE('',(#3048));
#2932=FILL_AREA_STYLE('',(#3049));
#2933=FILL_AREA_STYLE('',(#3050));
#2934=FILL_AREA_STYLE('',(#3051));
#2935=FILL_AREA_STYLE('',(#3052));
#2936=FILL_AREA_STYLE('',(#3053));
#2937=FILL_AREA_STYLE('',(#3054));
#2938=FILL_AREA_STYLE('',(#3055));
#2939=FILL_AREA_STYLE('',(#3056));
#2940=FILL_AREA_STYLE('',(#3057));
#2941=FILL_AREA_STYLE('',(#3058));
#2942=FILL_AREA_STYLE('',(#3059));
#2943=FILL_AREA_STYLE('',(#3060));
#2944=FILL_AREA_STYLE('',(#3061));
#2945=FILL_AREA_STYLE('',(#3062));
#2946=FILL_AREA_STYLE('',(#3063));
#2947=FILL_AREA_STYLE('',(#3064));
#2948=FILL_AREA_STYLE('',(#3065));
#2949=FILL_AREA_STYLE('',(#3066));
#2950=FILL_AREA_STYLE('',(#3067));
#2951=FILL_AREA_STYLE('',(#3068));
#2952=FILL_AREA_STYLE('',(#3069));
#2953=FILL_AREA_STYLE('',(#3070));
#2954=FILL_AREA_STYLE('',(#3071));
#2955=FILL_AREA_STYLE('',(#3072));
#2956=FILL_AREA_STYLE('',(#3073));
#2957=FILL_AREA_STYLE('',(#3074));
#2958=FILL_AREA_STYLE('',(#3075));
#2959=FILL_AREA_STYLE('',(#3076));
#2960=FILL_AREA_STYLE('',(#3077));
#2961=FILL_AREA_STYLE('',(#3078));
#2962=FILL_AREA_STYLE('',(#3079));
#2963=FILL_AREA_STYLE('',(#3080));
#2964=FILL_AREA_STYLE('',(#3081));
#2965=FILL_AREA_STYLE('',(#3082));
#2966=FILL_AREA_STYLE('',(#3083));
#2967=FILL_AREA_STYLE('',(#3084));
#2968=FILL_AREA_STYLE('',(#3085));
#2969=FILL_AREA_STYLE_COLOUR('',#3086);
#2970=FILL_AREA_STYLE_COLOUR('',#3086);
#2971=FILL_AREA_STYLE_COLOUR('',#3086);
#2972=FILL_AREA_STYLE_COLOUR('',#3086);
#2973=FILL_AREA_STYLE_COLOUR('',#3086);
#2974=FILL_AREA_STYLE_COLOUR('',#3086);
#2975=FILL_AREA_STYLE_COLOUR('',#3086);
#2976=FILL_AREA_STYLE_COLOUR('',#3086);
#2977=FILL_AREA_STYLE_COLOUR('',#3086);
#2978=FILL_AREA_STYLE_COLOUR('',#3086);
#2979=FILL_AREA_STYLE_COLOUR('',#3086);
#2980=FILL_AREA_STYLE_COLOUR('',#3086);
#2981=FILL_AREA_STYLE_COLOUR('',#3086);
#2982=FILL_AREA_STYLE_COLOUR('',#3086);
#2983=FILL_AREA_STYLE_COLOUR('',#3086);
#2984=FILL_AREA_STYLE_COLOUR('',#3086);
#2985=FILL_AREA_STYLE_COLOUR('',#3086);
#2986=FILL_AREA_STYLE_COLOUR('',#3086);
#2987=FILL_AREA_STYLE_COLOUR('',#3086);
#2988=FILL_AREA_STYLE_COLOUR('',#3086);
#2989=FILL_AREA_STYLE_COLOUR('',#3086);
#2990=FILL_AREA_STYLE_COLOUR('',#3086);
#2991=FILL_AREA_STYLE_COLOUR('',#3086);
#2992=FILL_AREA_STYLE_COLOUR('',#3086);
#2993=FILL_AREA_STYLE_COLOUR('',#3086);
#2994=FILL_AREA_STYLE_COLOUR('',#3086);
#2995=FILL_AREA_STYLE_COLOUR('',#3086);
#2996=FILL_AREA_STYLE_COLOUR('',#3086);
#2997=FILL_AREA_STYLE_COLOUR('',#3086);
#2998=FILL_AREA_STYLE_COLOUR('',#3086);
#2999=FILL_AREA_STYLE_COLOUR('',#3086);
#3000=FILL_AREA_STYLE_COLOUR('',#3086);
#3001=FILL_AREA_STYLE_COLOUR('',#3086);
#3002=FILL_AREA_STYLE_COLOUR('',#3086);
#3003=FILL_AREA_STYLE_COLOUR('',#3086);
#3004=FILL_AREA_STYLE_COLOUR('',#3086);
#3005=FILL_AREA_STYLE_COLOUR('',#3086);
#3006=FILL_AREA_STYLE_COLOUR('',#3086);
#3007=FILL_AREA_STYLE_COLOUR('',#3086);
#3008=FILL_AREA_STYLE_COLOUR('',#3086);
#3009=FILL_AREA_STYLE_COLOUR('',#3086);
#3010=FILL_AREA_STYLE_COLOUR('',#3086);
#3011=FILL_AREA_STYLE_COLOUR('',#20);
#3012=FILL_AREA_STYLE_COLOUR('',#3086);
#3013=FILL_AREA_STYLE_COLOUR('',#3086);
#3014=FILL_AREA_STYLE_COLOUR('',#3086);
#3015=FILL_AREA_STYLE_COLOUR('',#3086);
#3016=FILL_AREA_STYLE_COLOUR('',#3086);
#3017=FILL_AREA_STYLE_COLOUR('',#3086);
#3018=FILL_AREA_STYLE_COLOUR('',#3086);
#3019=FILL_AREA_STYLE_COLOUR('',#3086);
#3020=FILL_AREA_STYLE_COLOUR('',#3086);
#3021=FILL_AREA_STYLE_COLOUR('',#3086);
#3022=FILL_AREA_STYLE_COLOUR('',#3086);
#3023=FILL_AREA_STYLE_COLOUR('',#3086);
#3024=FILL_AREA_STYLE_COLOUR('',#3086);
#3025=FILL_AREA_STYLE_COLOUR('',#3086);
#3026=FILL_AREA_STYLE_COLOUR('',#3086);
#3027=FILL_AREA_STYLE_COLOUR('',#3086);
#3028=FILL_AREA_STYLE_COLOUR('',#3086);
#3029=FILL_AREA_STYLE_COLOUR('',#3086);
#3030=FILL_AREA_STYLE_COLOUR('',#3086);
#3031=FILL_AREA_STYLE_COLOUR('',#3086);
#3032=FILL_AREA_STYLE_COLOUR('',#3086);
#3033=FILL_AREA_STYLE_COLOUR('',#3086);
#3034=FILL_AREA_STYLE_COLOUR('',#3086);
#3035=FILL_AREA_STYLE_COLOUR('',#3086);
#3036=FILL_AREA_STYLE_COLOUR('',#3086);
#3037=FILL_AREA_STYLE_COLOUR('',#3086);
#3038=FILL_AREA_STYLE_COLOUR('',#3086);
#3039=FILL_AREA_STYLE_COLOUR('',#3086);
#3040=FILL_AREA_STYLE_COLOUR('',#3086);
#3041=FILL_AREA_STYLE_COLOUR('',#3086);
#3042=FILL_AREA_STYLE_COLOUR('',#3086);
#3043=FILL_AREA_STYLE_COLOUR('',#3086);
#3044=FILL_AREA_STYLE_COLOUR('',#3086);
#3045=FILL_AREA_STYLE_COLOUR('',#3086);
#3046=FILL_AREA_STYLE_COLOUR('',#3086);
#3047=FILL_AREA_STYLE_COLOUR('',#3086);
#3048=FILL_AREA_STYLE_COLOUR('',#3086);
#3049=FILL_AREA_STYLE_COLOUR('',#3087);
#3050=FILL_AREA_STYLE_COLOUR('',#3087);
#3051=FILL_AREA_STYLE_COLOUR('',#3086);
#3052=FILL_AREA_STYLE_COLOUR('',#3086);
#3053=FILL_AREA_STYLE_COLOUR('',#3086);
#3054=FILL_AREA_STYLE_COLOUR('',#3086);
#3055=FILL_AREA_STYLE_COLOUR('',#3086);
#3056=FILL_AREA_STYLE_COLOUR('',#3086);
#3057=FILL_AREA_STYLE_COLOUR('',#3086);
#3058=FILL_AREA_STYLE_COLOUR('',#3086);
#3059=FILL_AREA_STYLE_COLOUR('',#3087);
#3060=FILL_AREA_STYLE_COLOUR('',#3086);
#3061=FILL_AREA_STYLE_COLOUR('',#3086);
#3062=FILL_AREA_STYLE_COLOUR('',#3086);
#3063=FILL_AREA_STYLE_COLOUR('',#3087);
#3064=FILL_AREA_STYLE_COLOUR('',#3087);
#3065=FILL_AREA_STYLE_COLOUR('',#3086);
#3066=FILL_AREA_STYLE_COLOUR('',#3086);
#3067=FILL_AREA_STYLE_COLOUR('',#3087);
#3068=FILL_AREA_STYLE_COLOUR('',#3087);
#3069=FILL_AREA_STYLE_COLOUR('',#3086);
#3070=FILL_AREA_STYLE_COLOUR('',#3086);
#3071=FILL_AREA_STYLE_COLOUR('',#3086);
#3072=FILL_AREA_STYLE_COLOUR('',#3086);
#3073=FILL_AREA_STYLE_COLOUR('',#3086);
#3074=FILL_AREA_STYLE_COLOUR('',#3086);
#3075=FILL_AREA_STYLE_COLOUR('',#3087);
#3076=FILL_AREA_STYLE_COLOUR('',#3087);
#3077=FILL_AREA_STYLE_COLOUR('',#3087);
#3078=FILL_AREA_STYLE_COLOUR('',#3086);
#3079=FILL_AREA_STYLE_COLOUR('',#3086);
#3080=FILL_AREA_STYLE_COLOUR('',#3086);
#3081=FILL_AREA_STYLE_COLOUR('',#3086);
#3082=FILL_AREA_STYLE_COLOUR('',#3086);
#3083=FILL_AREA_STYLE_COLOUR('',#3086);
#3084=FILL_AREA_STYLE_COLOUR('',#3086);
#3085=FILL_AREA_STYLE_COLOUR('',#3086);
#3086=COLOUR_RGB('',0.699999988079071,0.699999988079071,0.699999988079071);
#3087=COLOUR_RGB('',0.200000002980232,0.200000002980232,0.200000002980232);
#3088=ADVANCED_FACE('',(#2127),#2246,.T.);
#3089=ADVANCED_FACE('',(#2128),#21,.T.);
#3090=ADVANCED_FACE('',(#2129),#2247,.T.);
#3091=ADVANCED_FACE('',(#2130),#22,.T.);
#3092=ADVANCED_FACE('',(#2131),#23,.T.);
#3093=ADVANCED_FACE('',(#2132),#24,.F.);
#3094=ADVANCED_FACE('',(#2133),#25,.T.);
#3095=ADVANCED_FACE('',(#2134),#26,.F.);
#3096=ADVANCED_FACE('',(#2135),#2248,.T.);
#3097=ADVANCED_FACE('',(#2136),#27,.T.);
#3098=ADVANCED_FACE('',(#2137),#2249,.T.);
#3099=ADVANCED_FACE('',(#2138),#28,.T.);
#3100=ADVANCED_FACE('',(#2139),#29,.T.);
#3101=ADVANCED_FACE('',(#2140),#30,.F.);
#3102=ADVANCED_FACE('',(#2141),#31,.T.);
#3103=ADVANCED_FACE('',(#2142),#32,.F.);
#3104=ADVANCED_FACE('',(#2143),#2250,.T.);
#3105=ADVANCED_FACE('',(#2144),#33,.T.);
#3106=ADVANCED_FACE('',(#2145),#2251,.T.);
#3107=ADVANCED_FACE('',(#2146),#34,.T.);
#3108=ADVANCED_FACE('',(#2147),#35,.T.);
#3109=ADVANCED_FACE('',(#2148),#36,.F.);
#3110=ADVANCED_FACE('',(#2149),#37,.T.);
#3111=ADVANCED_FACE('',(#2150),#38,.F.);
#3112=ADVANCED_FACE('',(#2151),#2252,.T.);
#3113=ADVANCED_FACE('',(#2152),#39,.T.);
#3114=ADVANCED_FACE('',(#2153),#2253,.T.);
#3115=ADVANCED_FACE('',(#2154),#40,.T.);
#3116=ADVANCED_FACE('',(#2155),#41,.T.);
#3117=ADVANCED_FACE('',(#2156),#42,.F.);
#3118=ADVANCED_FACE('',(#2157),#43,.T.);
#3119=ADVANCED_FACE('',(#2158),#44,.F.);
#3120=ADVANCED_FACE('',(#2159),#45,.F.);
#3121=ADVANCED_FACE('',(#2160),#46,.F.);
#3122=ADVANCED_FACE('',(#2161),#47,.F.);
#3123=ADVANCED_FACE('',(#2162),#48,.F.);
#3124=ADVANCED_FACE('',(#2163),#49,.F.);
#3125=ADVANCED_FACE('',(#2164),#50,.F.);
#3126=ADVANCED_FACE('',(#2165),#51,.F.);
#3127=ADVANCED_FACE('',(#2166),#52,.F.);
#3128=ADVANCED_FACE('',(#2167),#53,.F.);
#3129=ADVANCED_FACE('',(#2168),#54,.F.);
#3130=ADVANCED_FACE('',(#2169),#55,.F.);
#3131=ADVANCED_FACE('',(#2170),#56,.T.);
#3132=ADVANCED_FACE('',(#2171),#57,.T.);
#3133=ADVANCED_FACE('',(#2172),#58,.F.);
#3134=ADVANCED_FACE('',(#2173),#2254,.T.);
#3135=ADVANCED_FACE('',(#2174),#59,.T.);
#3136=ADVANCED_FACE('',(#2175),#2255,.T.);
#3137=ADVANCED_FACE('',(#2176),#2256,.T.);
#3138=ADVANCED_FACE('',(#2177),#60,.T.);
#3139=ADVANCED_FACE('',(#2178),#2257,.T.);
#3140=ADVANCED_FACE('',(#2179),#2258,.T.);
#3141=ADVANCED_FACE('',(#2180),#61,.T.);
#3142=ADVANCED_FACE('',(#2181),#2259,.T.);
#3143=ADVANCED_FACE('',(#2182),#2260,.T.);
#3144=ADVANCED_FACE('',(#2183),#62,.T.);
#3145=ADVANCED_FACE('',(#2184),#2261,.T.);
#3146=ADVANCED_FACE('',(#2185),#2262,.T.);
#3147=ADVANCED_FACE('',(#2186),#63,.T.);
#3148=ADVANCED_FACE('',(#2187),#2263,.T.);
#3149=ADVANCED_FACE('',(#2188),#64,.T.);
#3150=ADVANCED_FACE('',(#2189),#65,.T.);
#3151=ADVANCED_FACE('',(#2190),#66,.T.);
#3152=ADVANCED_FACE('',(#2191),#67,.T.);
#3153=ADVANCED_FACE('',(#2192),#68,.T.);
#3154=ADVANCED_FACE('',(#2193),#69,.T.);
#3155=ADVANCED_FACE('',(#2194),#70,.T.);
#3156=ADVANCED_FACE('',(#2195),#71,.T.);
#3157=ADVANCED_FACE('',(#2196),#72,.T.);
#3158=ADVANCED_FACE('',(#2197),#73,.T.);
#3159=ADVANCED_FACE('',(#2198),#74,.T.);
#3160=ADVANCED_FACE('',(#2199),#75,.T.);
#3161=ADVANCED_FACE('',(#2200),#76,.T.);
#3162=ADVANCED_FACE('',(#2201),#77,.T.);
#3163=ADVANCED_FACE('',(#2202),#78,.T.);
#3164=ADVANCED_FACE('',(#2203),#79,.T.);
#3165=ADVANCED_FACE('',(#2204),#80,.T.);
#3166=ADVANCED_FACE('',(#2205),#81,.T.);
#3167=ADVANCED_FACE('',(#2206),#82,.T.);
#3168=ADVANCED_FACE('',(#2207,#2208),#2264,.F.);
#3169=ADVANCED_FACE('',(#2209),#83,.F.);
#3170=ADVANCED_FACE('',(#2210),#84,.T.);
#3171=ADVANCED_FACE('',(#2211),#85,.T.);
#3172=ADVANCED_FACE('',(#2212),#86,.F.);
#3173=ADVANCED_FACE('',(#2213),#87,.T.);
#3174=ADVANCED_FACE('',(#2214),#88,.T.);
#3175=ADVANCED_FACE('',(#2215),#89,.F.);
#3176=ADVANCED_FACE('',(#2216),#90,.T.);
#3177=ADVANCED_FACE('',(#2217),#91,.F.);
#3178=ADVANCED_FACE('',(#2218),#92,.F.);
#3179=ADVANCED_FACE('',(#2219),#93,.T.);
#3180=ADVANCED_FACE('',(#2220),#94,.T.);
#3181=ADVANCED_FACE('',(#2221),#95,.T.);
#3182=ADVANCED_FACE('',(#2222),#96,.T.);
#3183=ADVANCED_FACE('',(#2223),#97,.T.);
#3184=ADVANCED_FACE('',(#2224),#98,.F.);
#3185=ADVANCED_FACE('',(#2225),#99,.T.);
#3186=ADVANCED_FACE('',(#2226,#2227),#100,.T.);
#3187=ADVANCED_FACE('',(#2228),#101,.T.);
#3188=ADVANCED_FACE('',(#2229),#102,.T.);
#3189=ADVANCED_FACE('',(#2230),#103,.T.);
#3190=ADVANCED_FACE('',(#2231),#104,.T.);
#3191=ADVANCED_FACE('',(#2232),#105,.T.);
#3192=ADVANCED_FACE('',(#2233),#106,.T.);
#3193=ADVANCED_FACE('',(#2234),#107,.T.);
#3194=ADVANCED_FACE('',(#2235),#108,.T.);
#3195=ADVANCED_FACE('',(#2236),#109,.T.);
#3196=ADVANCED_FACE('',(#2237),#110,.F.);
#3197=ADVANCED_FACE('',(#2238),#111,.F.);
#3198=ADVANCED_FACE('',(#2239),#2265,.T.);
#3199=ADVANCED_FACE('',(#2240),#112,.T.);
#3200=ADVANCED_FACE('',(#2241),#2266,.T.);
#3201=ADVANCED_FACE('',(#2242),#113,.F.);
#3202=ADVANCED_FACE('',(#2243),#114,.T.);
#3203=ADVANCED_FACE('',(#2244),#115,.T.);
#3204=ADVANCED_FACE('',(#2245),#116,.T.);
#3205=CLOSED_SHELL('',(#3088,#3089,#3090,#3091,#3092,#3093,#3094,#3095,
#3096,#3097,#3098,#3099,#3100,#3101,#3102,#3103,#3104,#3105,#3106,#3107,
#3108,#3109,#3110,#3111,#3112,#3113,#3114,#3115,#3116,#3117,#3118,#3119,
#3120,#3121,#3122,#3123,#3124,#3125,#3126,#3127,#3128,#3129,#3130,#3131,
#3132,#3133,#3134,#3135,#3136,#3137,#3138,#3139,#3140,#3141,#3142,#3143,
#3144,#3145,#3146,#3147,#3148,#3149,#3150,#3151,#3152,#3153,#3154,#3155,
#3156,#3157,#3158,#3159,#3160,#3161,#3162,#3163,#3164,#3165,#3166,#3167,
#3168,#3169,#3170,#3171,#3172,#3173,#3174,#3175,#3176,#3177,#3178,#3179,
#3180,#3181,#3182,#3183,#3184,#3185,#3186,#3187,#3188,#3189,#3190,#3191,
#3192,#3193,#3194,#3195,#3196,#3197,#3198,#3199,#3200,#3201,#3202,#3203,
#3204));
#3206=MANIFOLD_SOLID_BREP('',#3205);
#3207=SHAPE_DEFINITION_REPRESENTATION(#4681,#3208);
#3208=SHAPE_REPRESENTATION('TPS16412DRCR',(#3209),#4676);
#3209=AXIS2_PLACEMENT_3D('',#3988,#3369,#3370);
#3210=AXIS2_PLACEMENT_3D('',#3989,#3371,#3372);
#3211=AXIS2_PLACEMENT_3D('',#3990,#3373,#3374);
#3212=AXIS2_PLACEMENT_3D('',#3995,#3376,#3377);
#3213=AXIS2_PLACEMENT_3D('',#3998,#3379,#3380);
#3214=AXIS2_PLACEMENT_3D('',#4004,#3384,#3385);
#3215=AXIS2_PLACEMENT_3D('',#4005,#3386,#3387);
#3216=AXIS2_PLACEMENT_3D('',#4007,#3388,#3389);
#3217=AXIS2_PLACEMENT_3D('',#4010,#3391,#3392);
#3218=AXIS2_PLACEMENT_3D('',#4020,#3398,#3399);
#3219=AXIS2_PLACEMENT_3D('',#4030,#3405,#3406);
#3220=AXIS2_PLACEMENT_3D('',#4032,#3408,#3409);
#3221=AXIS2_PLACEMENT_3D('',#4035,#3412,#3413);
#3222=AXIS2_PLACEMENT_3D('',#4036,#3414,#3415);
#3223=AXIS2_PLACEMENT_3D('',#4037,#3416,#3417);
#3224=AXIS2_PLACEMENT_3D('',#4042,#3419,#3420);
#3225=AXIS2_PLACEMENT_3D('',#4045,#3422,#3423);
#3226=AXIS2_PLACEMENT_3D('',#4051,#3427,#3428);
#3227=AXIS2_PLACEMENT_3D('',#4052,#3429,#3430);
#3228=AXIS2_PLACEMENT_3D('',#4054,#3431,#3432);
#3229=AXIS2_PLACEMENT_3D('',#4057,#3434,#3435);
#3230=AXIS2_PLACEMENT_3D('',#4067,#3441,#3442);
#3231=AXIS2_PLACEMENT_3D('',#4077,#3448,#3449);
#3232=AXIS2_PLACEMENT_3D('',#4079,#3451,#3452);
#3233=AXIS2_PLACEMENT_3D('',#4082,#3455,#3456);
#3234=AXIS2_PLACEMENT_3D('',#4083,#3457,#3458);
#3235=AXIS2_PLACEMENT_3D('',#4084,#3459,#3460);
#3236=AXIS2_PLACEMENT_3D('',#4089,#3462,#3463);
#3237=AXIS2_PLACEMENT_3D('',#4092,#3465,#3466);
#3238=AXIS2_PLACEMENT_3D('',#4098,#3470,#3471);
#3239=AXIS2_PLACEMENT_3D('',#4099,#3472,#3473);
#3240=AXIS2_PLACEMENT_3D('',#4101,#3474,#3475);
#3241=AXIS2_PLACEMENT_3D('',#4104,#3477,#3478);
#3242=AXIS2_PLACEMENT_3D('',#4114,#3484,#3485);
#3243=AXIS2_PLACEMENT_3D('',#4124,#3491,#3492);
#3244=AXIS2_PLACEMENT_3D('',#4126,#3494,#3495);
#3245=AXIS2_PLACEMENT_3D('',#4129,#3498,#3499);
#3246=AXIS2_PLACEMENT_3D('',#4130,#3500,#3501);
#3247=AXIS2_PLACEMENT_3D('',#4131,#3502,#3503);
#3248=AXIS2_PLACEMENT_3D('',#4136,#3505,#3506);
#3249=AXIS2_PLACEMENT_3D('',#4139,#3508,#3509);
#3250=AXIS2_PLACEMENT_3D('',#4145,#3513,#3514);
#3251=AXIS2_PLACEMENT_3D('',#4146,#3515,#3516);
#3252=AXIS2_PLACEMENT_3D('',#4148,#3517,#3518);
#3253=AXIS2_PLACEMENT_3D('',#4151,#3520,#3521);
#3254=AXIS2_PLACEMENT_3D('',#4161,#3527,#3528);
#3255=AXIS2_PLACEMENT_3D('',#4171,#3534,#3535);
#3256=AXIS2_PLACEMENT_3D('',#4173,#3537,#3538);
#3257=AXIS2_PLACEMENT_3D('',#4176,#3541,#3542);
#3258=AXIS2_PLACEMENT_3D('',#4177,#3543,#3544);
#3259=AXIS2_PLACEMENT_3D('',#4186,#3549,#3550);
#3260=AXIS2_PLACEMENT_3D('',#4187,#3551,#3552);
#3261=AXIS2_PLACEMENT_3D('',#4193,#3555,#3556);
#3262=AXIS2_PLACEMENT_3D('',#4196,#3558,#3559);
#3263=AXIS2_PLACEMENT_3D('',#4205,#3564,#3565);
#3264=AXIS2_PLACEMENT_3D('',#4206,#3566,#3567);
#3265=AXIS2_PLACEMENT_3D('',#4212,#3570,#3571);
#3266=AXIS2_PLACEMENT_3D('',#4215,#3573,#3574);
#3267=AXIS2_PLACEMENT_3D('',#4224,#3579,#3580);
#3268=AXIS2_PLACEMENT_3D('',#4225,#3581,#3582);
#3269=AXIS2_PLACEMENT_3D('',#4231,#3585,#3586);
#3270=AXIS2_PLACEMENT_3D('',#4234,#3588,#3589);
#3271=AXIS2_PLACEMENT_3D('',#4243,#3594,#3595);
#3272=AXIS2_PLACEMENT_3D('',#4244,#3596,#3597);
#3273=AXIS2_PLACEMENT_3D('',#4250,#3600,#3601);
#3274=AXIS2_PLACEMENT_3D('',#4253,#3603,#3604);
#3275=AXIS2_PLACEMENT_3D('',#4262,#3609,#3610);
#3276=AXIS2_PLACEMENT_3D('',#4263,#3611,#3612);
#3277=AXIS2_PLACEMENT_3D('',#4269,#3615,#3616);
#3278=AXIS2_PLACEMENT_3D('',#4272,#3618,#3619);
#3279=AXIS2_PLACEMENT_3D('',#4273,#3620,#3621);
#3280=AXIS2_PLACEMENT_3D('',#4275,#3622,#3623);
#3281=AXIS2_PLACEMENT_3D('',#4284,#3628,#3629);
#3282=AXIS2_PLACEMENT_3D('',#4293,#3634,#3635);
#3283=AXIS2_PLACEMENT_3D('',#4302,#3640,#3641);
#3284=AXIS2_PLACEMENT_3D('',#4305,#3643,#3644);
#3285=AXIS2_PLACEMENT_3D('',#4308,#3646,#3647);
#3286=AXIS2_PLACEMENT_3D('',#4312,#3650,#3651);
#3287=AXIS2_PLACEMENT_3D('',#4313,#3652,#3653);
#3288=AXIS2_PLACEMENT_3D('',#4316,#3655,#3656);
#3289=AXIS2_PLACEMENT_3D('',#4319,#3658,#3659);
#3290=AXIS2_PLACEMENT_3D('',#4322,#3661,#3662);
#3291=AXIS2_PLACEMENT_3D('',#4326,#3665,#3666);
#3292=AXIS2_PLACEMENT_3D('',#4327,#3667,#3668);
#3293=AXIS2_PLACEMENT_3D('',#4330,#3670,#3671);
#3294=AXIS2_PLACEMENT_3D('',#4333,#3673,#3674);
#3295=AXIS2_PLACEMENT_3D('',#4336,#3676,#3677);
#3296=AXIS2_PLACEMENT_3D('',#4340,#3680,#3681);
#3297=AXIS2_PLACEMENT_3D('',#4341,#3682,#3683);
#3298=AXIS2_PLACEMENT_3D('',#4344,#3685,#3686);
#3299=AXIS2_PLACEMENT_3D('',#4347,#3688,#3689);
#3300=AXIS2_PLACEMENT_3D('',#4350,#3691,#3692);
#3301=AXIS2_PLACEMENT_3D('',#4354,#3695,#3696);
#3302=AXIS2_PLACEMENT_3D('',#4355,#3697,#3698);
#3303=AXIS2_PLACEMENT_3D('',#4358,#3700,#3701);
#3304=AXIS2_PLACEMENT_3D('',#4361,#3703,#3704);
#3305=AXIS2_PLACEMENT_3D('',#4364,#3706,#3707);
#3306=AXIS2_PLACEMENT_3D('',#4368,#3710,#3711);
#3307=AXIS2_PLACEMENT_3D('',#4369,#3712,#3713);
#3308=AXIS2_PLACEMENT_3D('',#4372,#3715,#3716);
#3309=AXIS2_PLACEMENT_3D('',#4381,#3721,#3722);
#3310=AXIS2_PLACEMENT_3D('',#4387,#3726,#3727);
#3311=AXIS2_PLACEMENT_3D('',#4393,#3731,#3732);
#3312=AXIS2_PLACEMENT_3D('',#4399,#3736,#3737);
#3313=AXIS2_PLACEMENT_3D('',#4403,#3740,#3741);
#3314=AXIS2_PLACEMENT_3D('',#4407,#3744,#3745);
#3315=AXIS2_PLACEMENT_3D('',#4413,#3749,#3750);
#3316=AXIS2_PLACEMENT_3D('',#4417,#3753,#3754);
#3317=AXIS2_PLACEMENT_3D('',#4421,#3757,#3758);
#3318=AXIS2_PLACEMENT_3D('',#4427,#3762,#3763);
#3319=AXIS2_PLACEMENT_3D('',#4431,#3766,#3767);
#3320=AXIS2_PLACEMENT_3D('',#4435,#3770,#3771);
#3321=AXIS2_PLACEMENT_3D('',#4441,#3775,#3776);
#3322=AXIS2_PLACEMENT_3D('',#4445,#3779,#3780);
#3323=AXIS2_PLACEMENT_3D('',#4449,#3783,#3784);
#3324=AXIS2_PLACEMENT_3D('',#4455,#3788,#3789);
#3325=AXIS2_PLACEMENT_3D('',#4459,#3792,#3793);
#3326=AXIS2_PLACEMENT_3D('',#4463,#3796,#3797);
#3327=AXIS2_PLACEMENT_3D('',#4472,#3802,#3803);
#3328=AXIS2_PLACEMENT_3D('',#4473,#3804,#3805);
#3329=AXIS2_PLACEMENT_3D('',#4475,#3806,#3807);
#3330=AXIS2_PLACEMENT_3D('',#4481,#3811,#3812);
#3331=AXIS2_PLACEMENT_3D('',#4489,#3817,#3818);
#3332=AXIS2_PLACEMENT_3D('',#4496,#3823,#3824);
#3333=AXIS2_PLACEMENT_3D('',#4500,#3827,#3828);
#3334=AXIS2_PLACEMENT_3D('',#4503,#3831,#3832);
#3335=AXIS2_PLACEMENT_3D('',#4509,#3836,#3837);
#3336=AXIS2_PLACEMENT_3D('',#4513,#3840,#3841);
#3337=AXIS2_PLACEMENT_3D('',#4522,#3846,#3847);
#3338=AXIS2_PLACEMENT_3D('',#4537,#3857,#3858);
#3339=AXIS2_PLACEMENT_3D('',#4543,#3862,#3863);
#3340=AXIS2_PLACEMENT_3D('',#4547,#3866,#3867);
#3341=AXIS2_PLACEMENT_3D('',#4551,#3870,#3871);
#3342=AXIS2_PLACEMENT_3D('',#4555,#3874,#3875);
#3343=AXIS2_PLACEMENT_3D('',#4566,#3884,#3885);
#3344=AXIS2_PLACEMENT_3D('',#4572,#3889,#3890);
#3345=AXIS2_PLACEMENT_3D('',#4578,#3894,#3895);
#3346=AXIS2_PLACEMENT_3D('',#4580,#3897,#3898);
#3347=AXIS2_PLACEMENT_3D('',#4586,#3902,#3903);
#3348=AXIS2_PLACEMENT_3D('',#4592,#3907,#3908);
#3349=AXIS2_PLACEMENT_3D('',#4596,#3911,#3912);
#3350=AXIS2_PLACEMENT_3D('',#4600,#3915,#3916);
#3351=AXIS2_PLACEMENT_3D('',#4604,#3919,#3920);
#3352=AXIS2_PLACEMENT_3D('',#4608,#3923,#3924);
#3353=AXIS2_PLACEMENT_3D('',#4612,#3927,#3928);
#3354=AXIS2_PLACEMENT_3D('',#4616,#3931,#3932);
#3355=AXIS2_PLACEMENT_3D('',#4620,#3935,#3936);
#3356=AXIS2_PLACEMENT_3D('',#4634,#3946,#3947);
#3357=AXIS2_PLACEMENT_3D('',#4637,#3949,#3950);
#3358=AXIS2_PLACEMENT_3D('',#4641,#3952,#3953);
#3359=AXIS2_PLACEMENT_3D('',#4644,#3955,#3956);
#3360=AXIS2_PLACEMENT_3D('',#4653,#3961,#3962);
#3361=AXIS2_PLACEMENT_3D('',#4654,#3963,#3964);
#3362=AXIS2_PLACEMENT_3D('',#4659,#3967,#3968);
#3363=AXIS2_PLACEMENT_3D('',#4662,#3971,#3972);
#3364=AXIS2_PLACEMENT_3D('',#4663,#3973,#3974);
#3365=AXIS2_PLACEMENT_3D('',#4668,#3977,#3978);
#3366=AXIS2_PLACEMENT_3D('',#4671,#3981,#3982);
#3367=AXIS2_PLACEMENT_3D('',#4672,#3983,#3984);
#3368=AXIS2_PLACEMENT_3D('',#4674,#3986,#3987);
#3369=DIRECTION('',(0.,0.,1.));
#3370=DIRECTION('',(1.,0.,0.));
#3371=DIRECTION('',(0.,0.,-1.));
#3372=DIRECTION('',(1.,0.,0.));
#3373=DIRECTION('',(0.,0.,1.));
#3374=DIRECTION('',(-1.,0.,0.));
#3375=DIRECTION('',(0.,0.,-1.));
#3376=DIRECTION('',(0.,0.,1.));
#3377=DIRECTION('',(1.,0.,0.));
#3378=DIRECTION('',(0.,0.,-1.));
#3379=DIRECTION('',(1.,0.,0.));
#3380=DIRECTION('',(0.,0.,1.));
#3381=DIRECTION('',(0.,1.,0.));
#3382=DIRECTION('',(0.,1.,0.));
#3383=DIRECTION('',(0.,0.,-1.));
#3384=DIRECTION('',(0.,0.,-1.));
#3385=DIRECTION('',(1.,0.,0.));
#3386=DIRECTION('',(0.,0.,1.));
#3387=DIRECTION('',(-1.,0.,0.));
#3388=DIRECTION('',(0.,0.,1.));
#3389=DIRECTION('',(-1.,0.,0.));
#3390=DIRECTION('',(0.,0.,-1.));
#3391=DIRECTION('',(0.,-1.,0.));
#3392=DIRECTION('',(0.,0.,-1.));
#3393=DIRECTION('',(1.,0.,0.));
#3394=DIRECTION('',(1.,0.,0.));
#3395=DIRECTION('',(0.,0.,1.));
#3396=DIRECTION('',(-1.,0.,0.));
#3397=DIRECTION('',(0.,0.,-1.));
#3398=DIRECTION('',(-7.60843629814389E-16,1.,0.));
#3399=DIRECTION('',(1.,7.60843629814389E-16,0.));
#3400=DIRECTION('',(-1.,-7.60843629814389E-16,0.));
#3401=DIRECTION('',(0.,0.,-1.));
#3402=DIRECTION('',(1.,-2.168404344971E-14,0.));
#3403=DIRECTION('',(0.,0.,-1.));
#3404=DIRECTION('',(-1.,-7.60843629814389E-16,0.));
#3405=DIRECTION('',(0.,0.,1.));
#3406=DIRECTION('',(-1.,0.,0.));
#3407=DIRECTION('',(0.,1.,0.));
#3408=DIRECTION('',(0.,0.,1.));
#3409=DIRECTION('',(-1.,0.,0.));
#3410=DIRECTION('',(0.,1.,0.));
#3411=DIRECTION('',(0.,1.,0.));
#3412=DIRECTION('',(1.,0.,0.));
#3413=DIRECTION('',(0.,0.,1.));
#3414=DIRECTION('',(0.,0.,-1.));
#3415=DIRECTION('',(1.,0.,0.));
#3416=DIRECTION('',(0.,0.,1.));
#3417=DIRECTION('',(-1.,0.,0.));
#3418=DIRECTION('',(0.,0.,-1.));
#3419=DIRECTION('',(0.,0.,1.));
#3420=DIRECTION('',(1.,0.,0.));
#3421=DIRECTION('',(0.,0.,-1.));
#3422=DIRECTION('',(1.,0.,0.));
#3423=DIRECTION('',(0.,0.,1.));
#3424=DIRECTION('',(0.,1.,0.));
#3425=DIRECTION('',(0.,1.,0.));
#3426=DIRECTION('',(0.,0.,-1.));
#3427=DIRECTION('',(0.,0.,-1.));
#3428=DIRECTION('',(1.,0.,0.));
#3429=DIRECTION('',(0.,0.,1.));
#3430=DIRECTION('',(-1.,0.,0.));
#3431=DIRECTION('',(0.,0.,1.));
#3432=DIRECTION('',(-1.,0.,0.));
#3433=DIRECTION('',(0.,0.,-1.));
#3434=DIRECTION('',(0.,-1.,0.));
#3435=DIRECTION('',(0.,0.,-1.));
#3436=DIRECTION('',(1.,0.,0.));
#3437=DIRECTION('',(1.,0.,0.));
#3438=DIRECTION('',(0.,0.,1.));
#3439=DIRECTION('',(-1.,0.,0.));
#3440=DIRECTION('',(0.,0.,-1.));
#3441=DIRECTION('',(-7.60843629814389E-16,1.,0.));
#3442=DIRECTION('',(1.,7.60843629814389E-16,0.));
#3443=DIRECTION('',(-1.,-7.60843629814389E-16,0.));
#3444=DIRECTION('',(0.,0.,-1.));
#3445=DIRECTION('',(1.,-2.168404344971E-14,0.));
#3446=DIRECTION('',(0.,0.,-1.));
#3447=DIRECTION('',(-1.,-7.60843629814389E-16,0.));
#3448=DIRECTION('',(0.,0.,1.));
#3449=DIRECTION('',(-1.,0.,0.));
#3450=DIRECTION('',(0.,1.,0.));
#3451=DIRECTION('',(0.,0.,1.));
#3452=DIRECTION('',(-1.,0.,0.));
#3453=DIRECTION('',(0.,1.,0.));
#3454=DIRECTION('',(0.,1.,0.));
#3455=DIRECTION('',(1.,0.,0.));
#3456=DIRECTION('',(0.,0.,1.));
#3457=DIRECTION('',(0.,0.,-1.));
#3458=DIRECTION('',(1.,0.,0.));
#3459=DIRECTION('',(0.,0.,1.));
#3460=DIRECTION('',(-1.,0.,0.));
#3461=DIRECTION('',(0.,0.,-1.));
#3462=DIRECTION('',(0.,0.,1.));
#3463=DIRECTION('',(1.,0.,0.));
#3464=DIRECTION('',(0.,0.,-1.));
#3465=DIRECTION('',(1.,0.,0.));
#3466=DIRECTION('',(0.,0.,1.));
#3467=DIRECTION('',(0.,1.,0.));
#3468=DIRECTION('',(0.,1.,0.));
#3469=DIRECTION('',(0.,0.,-1.));
#3470=DIRECTION('',(0.,0.,-1.));
#3471=DIRECTION('',(1.,0.,0.));
#3472=DIRECTION('',(0.,0.,1.));
#3473=DIRECTION('',(-1.,0.,0.));
#3474=DIRECTION('',(0.,0.,1.));
#3475=DIRECTION('',(-1.,0.,0.));
#3476=DIRECTION('',(0.,0.,-1.));
#3477=DIRECTION('',(0.,-1.,0.));
#3478=DIRECTION('',(0.,0.,-1.));
#3479=DIRECTION('',(1.,0.,0.));
#3480=DIRECTION('',(1.,0.,0.));
#3481=DIRECTION('',(0.,0.,1.));
#3482=DIRECTION('',(-1.,0.,0.));
#3483=DIRECTION('',(0.,0.,-1.));
#3484=DIRECTION('',(-7.60843629814389E-16,1.,0.));
#3485=DIRECTION('',(1.,7.60843629814389E-16,0.));
#3486=DIRECTION('',(-1.,-7.60843629814389E-16,0.));
#3487=DIRECTION('',(0.,0.,-1.));
#3488=DIRECTION('',(1.,-2.168404344971E-14,0.));
#3489=DIRECTION('',(0.,0.,-1.));
#3490=DIRECTION('',(-1.,-7.60843629814389E-16,0.));
#3491=DIRECTION('',(0.,0.,1.));
#3492=DIRECTION('',(-1.,0.,0.));
#3493=DIRECTION('',(0.,1.,0.));
#3494=DIRECTION('',(0.,0.,1.));
#3495=DIRECTION('',(-1.,0.,0.));
#3496=DIRECTION('',(0.,1.,0.));
#3497=DIRECTION('',(0.,1.,0.));
#3498=DIRECTION('',(1.,0.,0.));
#3499=DIRECTION('',(0.,0.,1.));
#3500=DIRECTION('',(0.,0.,-1.));
#3501=DIRECTION('',(1.,0.,0.));
#3502=DIRECTION('',(0.,0.,1.));
#3503=DIRECTION('',(-1.,0.,0.));
#3504=DIRECTION('',(0.,0.,-1.));
#3505=DIRECTION('',(0.,0.,1.));
#3506=DIRECTION('',(1.,0.,0.));
#3507=DIRECTION('',(0.,0.,-1.));
#3508=DIRECTION('',(1.,0.,0.));
#3509=DIRECTION('',(0.,0.,1.));
#3510=DIRECTION('',(0.,1.,0.));
#3511=DIRECTION('',(0.,1.,0.));
#3512=DIRECTION('',(0.,0.,-1.));
#3513=DIRECTION('',(0.,0.,-1.));
#3514=DIRECTION('',(1.,0.,0.));
#3515=DIRECTION('',(0.,0.,1.));
#3516=DIRECTION('',(-1.,0.,0.));
#3517=DIRECTION('',(0.,0.,1.));
#3518=DIRECTION('',(-1.,0.,0.));
#3519=DIRECTION('',(0.,0.,-1.));
#3520=DIRECTION('',(0.,-1.,0.));
#3521=DIRECTION('',(0.,0.,-1.));
#3522=DIRECTION('',(1.,0.,0.));
#3523=DIRECTION('',(1.,0.,0.));
#3524=DIRECTION('',(0.,0.,1.));
#3525=DIRECTION('',(-1.,0.,0.));
#3526=DIRECTION('',(0.,0.,-1.));
#3527=DIRECTION('',(-7.60843629814389E-16,1.,0.));
#3528=DIRECTION('',(1.,7.60843629814389E-16,0.));
#3529=DIRECTION('',(-1.,-7.60843629814389E-16,0.));
#3530=DIRECTION('',(0.,0.,-1.));
#3531=DIRECTION('',(1.,-2.168404344971E-14,0.));
#3532=DIRECTION('',(0.,0.,-1.));
#3533=DIRECTION('',(-1.,-7.60843629814389E-16,0.));
#3534=DIRECTION('',(0.,0.,1.));
#3535=DIRECTION('',(-1.,0.,0.));
#3536=DIRECTION('',(0.,1.,0.));
#3537=DIRECTION('',(0.,0.,1.));
#3538=DIRECTION('',(-1.,0.,0.));
#3539=DIRECTION('',(0.,1.,0.));
#3540=DIRECTION('',(0.,1.,0.));
#3541=DIRECTION('',(1.,0.,0.));
#3542=DIRECTION('',(0.,0.,1.));
#3543=DIRECTION('',(-1.,0.,0.));
#3544=DIRECTION('',(0.,0.,1.));
#3545=DIRECTION('',(0.,1.,0.));
#3546=DIRECTION('',(0.,0.,-1.));
#3547=DIRECTION('',(0.,1.,0.));
#3548=DIRECTION('',(0.,0.,-1.));
#3549=DIRECTION('',(0.,0.,1.));
#3550=DIRECTION('',(1.,0.,0.));
#3551=DIRECTION('',(0.,0.,-1.));
#3552=DIRECTION('',(1.,0.,0.));
#3553=DIRECTION('',(1.,-7.60843629814389E-16,0.));
#3554=DIRECTION('',(-1.,0.,0.));
#3555=DIRECTION('',(0.,0.,-1.));
#3556=DIRECTION('',(1.,0.,0.));
#3557=DIRECTION('',(0.,1.,0.));
#3558=DIRECTION('',(-1.,0.,0.));
#3559=DIRECTION('',(0.,0.,1.));
#3560=DIRECTION('',(0.,1.,0.));
#3561=DIRECTION('',(0.,0.,-1.));
#3562=DIRECTION('',(0.,1.,0.));
#3563=DIRECTION('',(0.,0.,-1.));
#3564=DIRECTION('',(0.,0.,1.));
#3565=DIRECTION('',(1.,0.,0.));
#3566=DIRECTION('',(0.,0.,-1.));
#3567=DIRECTION('',(1.,0.,0.));
#3568=DIRECTION('',(1.,-7.60843629814389E-16,0.));
#3569=DIRECTION('',(-1.,0.,0.));
#3570=DIRECTION('',(0.,0.,-1.));
#3571=DIRECTION('',(1.,0.,0.));
#3572=DIRECTION('',(0.,1.,0.));
#3573=DIRECTION('',(-1.,0.,0.));
#3574=DIRECTION('',(0.,0.,1.));
#3575=DIRECTION('',(0.,1.,0.));
#3576=DIRECTION('',(0.,0.,-1.));
#3577=DIRECTION('',(0.,1.,0.));
#3578=DIRECTION('',(0.,0.,-1.));
#3579=DIRECTION('',(0.,0.,1.));
#3580=DIRECTION('',(1.,0.,0.));
#3581=DIRECTION('',(0.,0.,-1.));
#3582=DIRECTION('',(1.,0.,0.));
#3583=DIRECTION('',(1.,-7.60843629814389E-16,0.));
#3584=DIRECTION('',(-1.,0.,0.));
#3585=DIRECTION('',(0.,0.,-1.));
#3586=DIRECTION('',(1.,0.,0.));
#3587=DIRECTION('',(0.,1.,0.));
#3588=DIRECTION('',(-1.,0.,0.));
#3589=DIRECTION('',(0.,0.,1.));
#3590=DIRECTION('',(0.,1.,0.));
#3591=DIRECTION('',(0.,0.,-1.));
#3592=DIRECTION('',(0.,1.,0.));
#3593=DIRECTION('',(0.,0.,-1.));
#3594=DIRECTION('',(0.,0.,1.));
#3595=DIRECTION('',(1.,0.,0.));
#3596=DIRECTION('',(0.,0.,-1.));
#3597=DIRECTION('',(1.,0.,0.));
#3598=DIRECTION('',(1.,-7.60843629814389E-16,0.));
#3599=DIRECTION('',(-1.,0.,0.));
#3600=DIRECTION('',(0.,0.,-1.));
#3601=DIRECTION('',(1.,0.,0.));
#3602=DIRECTION('',(0.,1.,0.));
#3603=DIRECTION('',(-1.,0.,0.));
#3604=DIRECTION('',(0.,0.,1.));
#3605=DIRECTION('',(0.,1.,0.));
#3606=DIRECTION('',(0.,0.,-1.));
#3607=DIRECTION('',(0.,1.,0.));
#3608=DIRECTION('',(0.,0.,-1.));
#3609=DIRECTION('',(0.,0.,1.));
#3610=DIRECTION('',(1.,0.,0.));
#3611=DIRECTION('',(0.,0.,-1.));
#3612=DIRECTION('',(1.,0.,0.));
#3613=DIRECTION('',(1.,-7.60843629814389E-16,0.));
#3614=DIRECTION('',(-1.,0.,0.));
#3615=DIRECTION('',(0.,0.,-1.));
#3616=DIRECTION('',(1.,0.,0.));
#3617=DIRECTION('',(0.,1.,0.));
#3618=DIRECTION('',(0.,0.,-1.));
#3619=DIRECTION('',(-1.,0.,0.));
#3620=DIRECTION('',(0.,0.,-1.));
#3621=DIRECTION('',(1.,0.,0.));
#3622=DIRECTION('',(0.,-1.,0.));
#3623=DIRECTION('',(0.,0.,-1.));
#3624=DIRECTION('',(-1.,0.,0.));
#3625=DIRECTION('',(0.,0.,-1.));
#3626=DIRECTION('',(-1.,0.,0.));
#3627=DIRECTION('',(0.,0.,-1.));
#3628=DIRECTION('',(0.,-1.,0.));
#3629=DIRECTION('',(0.,0.,-1.));
#3630=DIRECTION('',(-1.,0.,0.));
#3631=DIRECTION('',(0.,0.,-1.));
#3632=DIRECTION('',(-1.,0.,0.));
#3633=DIRECTION('',(0.,0.,-1.));
#3634=DIRECTION('',(0.,-1.,0.));
#3635=DIRECTION('',(0.,0.,-1.));
#3636=DIRECTION('',(-1.,0.,0.));
#3637=DIRECTION('',(0.,0.,-1.));
#3638=DIRECTION('',(-1.,0.,0.));
#3639=DIRECTION('',(0.,0.,-1.));
#3640=DIRECTION('',(0.,0.,-1.));
#3641=DIRECTION('',(-1.,0.,0.));
#3642=DIRECTION('',(0.,0.,-1.));
#3643=DIRECTION('',(0.,0.,-1.));
#3644=DIRECTION('',(1.,0.,0.));
#3645=DIRECTION('',(0.,0.,-1.));
#3646=DIRECTION('',(-1.,0.,0.));
#3647=DIRECTION('',(0.,0.,1.));
#3648=DIRECTION('',(0.,1.,0.));
#3649=DIRECTION('',(0.,0.,-1.));
#3650=DIRECTION('',(0.,0.,-1.));
#3651=DIRECTION('',(-1.,0.,0.));
#3652=DIRECTION('',(0.,0.,-1.));
#3653=DIRECTION('',(1.,0.,0.));
#3654=DIRECTION('',(0.,0.,-1.));
#3655=DIRECTION('',(0.,0.,-1.));
#3656=DIRECTION('',(-1.,0.,0.));
#3657=DIRECTION('',(0.,0.,-1.));
#3658=DIRECTION('',(0.,0.,-1.));
#3659=DIRECTION('',(1.,0.,0.));
#3660=DIRECTION('',(0.,0.,-1.));
#3661=DIRECTION('',(-1.,0.,0.));
#3662=DIRECTION('',(0.,0.,1.));
#3663=DIRECTION('',(0.,1.,0.));
#3664=DIRECTION('',(0.,0.,-1.));
#3665=DIRECTION('',(0.,0.,-1.));
#3666=DIRECTION('',(-1.,0.,0.));
#3667=DIRECTION('',(0.,0.,-1.));
#3668=DIRECTION('',(1.,0.,0.));
#3669=DIRECTION('',(0.,0.,-1.));
#3670=DIRECTION('',(0.,0.,-1.));
#3671=DIRECTION('',(-1.,0.,0.));
#3672=DIRECTION('',(0.,0.,-1.));
#3673=DIRECTION('',(0.,0.,-1.));
#3674=DIRECTION('',(1.,0.,0.));
#3675=DIRECTION('',(0.,0.,-1.));
#3676=DIRECTION('',(-1.,0.,0.));
#3677=DIRECTION('',(0.,0.,1.));
#3678=DIRECTION('',(0.,1.,0.));
#3679=DIRECTION('',(0.,0.,-1.));
#3680=DIRECTION('',(0.,0.,-1.));
#3681=DIRECTION('',(-1.,0.,0.));
#3682=DIRECTION('',(0.,0.,-1.));
#3683=DIRECTION('',(1.,0.,0.));
#3684=DIRECTION('',(0.,0.,-1.));
#3685=DIRECTION('',(0.,0.,-1.));
#3686=DIRECTION('',(-1.,0.,0.));
#3687=DIRECTION('',(0.,0.,-1.));
#3688=DIRECTION('',(0.,0.,-1.));
#3689=DIRECTION('',(1.,0.,0.));
#3690=DIRECTION('',(0.,0.,-1.));
#3691=DIRECTION('',(-1.,0.,0.));
#3692=DIRECTION('',(0.,0.,1.));
#3693=DIRECTION('',(0.,1.,0.));
#3694=DIRECTION('',(0.,0.,-1.));
#3695=DIRECTION('',(0.,0.,-1.));
#3696=DIRECTION('',(-1.,0.,0.));
#3697=DIRECTION('',(0.,0.,-1.));
#3698=DIRECTION('',(1.,0.,0.));
#3699=DIRECTION('',(0.,0.,-1.));
#3700=DIRECTION('',(0.,0.,-1.));
#3701=DIRECTION('',(-1.,0.,0.));
#3702=DIRECTION('',(0.,0.,-1.));
#3703=DIRECTION('',(0.,0.,-1.));
#3704=DIRECTION('',(1.,0.,0.));
#3705=DIRECTION('',(0.,0.,-1.));
#3706=DIRECTION('',(-1.,0.,0.));
#3707=DIRECTION('',(0.,0.,1.));
#3708=DIRECTION('',(0.,1.,0.));
#3709=DIRECTION('',(0.,0.,-1.));
#3710=DIRECTION('',(0.,0.,-1.));
#3711=DIRECTION('',(-1.,0.,0.));
#3712=DIRECTION('',(0.,0.,-1.));
#3713=DIRECTION('',(1.,0.,0.));
#3714=DIRECTION('',(0.,0.,-1.));
#3715=DIRECTION('',(0.,1.,0.));
#3716=DIRECTION('',(0.,0.,1.));
#3717=DIRECTION('',(1.,0.,0.));
#3718=DIRECTION('',(0.,0.,-1.));
#3719=DIRECTION('',(1.,0.,0.));
#3720=DIRECTION('',(0.,0.,-1.));
#3721=DIRECTION('',(1.,-4.51750905202294E-17,0.));
#3722=DIRECTION('',(4.51750905202294E-17,1.,0.));
#3723=DIRECTION('',(-4.51750905202294E-17,-1.,0.));
#3724=DIRECTION('',(-4.51750905202294E-17,-1.,0.));
#3725=DIRECTION('',(0.,0.,-1.));
#3726=DIRECTION('',(0.,-1.,0.));
#3727=DIRECTION('',(0.,0.,-1.));
#3728=DIRECTION('',(-1.,0.,0.));
#3729=DIRECTION('',(-1.,0.,0.));
#3730=DIRECTION('',(0.,0.,-1.));
#3731=DIRECTION('',(7.60843629814389E-16,1.,0.));
#3732=DIRECTION('',(-1.,7.60843629814389E-16,0.));
#3733=DIRECTION('',(1.,-7.60843629814389E-16,0.));
#3734=DIRECTION('',(0.,0.,-1.));
#3735=DIRECTION('',(-1.,-2.168404344971E-14,0.));
#3736=DIRECTION('',(0.,0.,1.));
#3737=DIRECTION('',(1.,0.,0.));
#3738=DIRECTION('',(0.,-1.,0.));
#3739=DIRECTION('',(1.,0.,0.));
#3740=DIRECTION('',(0.,-1.,0.));
#3741=DIRECTION('',(0.,0.,-1.));
#3742=DIRECTION('',(0.,0.,-1.));
#3743=DIRECTION('',(-1.,0.,0.));
#3744=DIRECTION('',(7.60843629814389E-16,1.,0.));
#3745=DIRECTION('',(-1.,7.60843629814389E-16,0.));
#3746=DIRECTION('',(1.,-7.60843629814389E-16,0.));
#3747=DIRECTION('',(0.,0.,-1.));
#3748=DIRECTION('',(-1.,-2.168404344971E-14,0.));
#3749=DIRECTION('',(0.,0.,1.));
#3750=DIRECTION('',(1.,0.,0.));
#3751=DIRECTION('',(0.,-1.,0.));
#3752=DIRECTION('',(1.,0.,0.));
#3753=DIRECTION('',(0.,-1.,0.));
#3754=DIRECTION('',(0.,0.,-1.));
#3755=DIRECTION('',(0.,0.,-1.));
#3756=DIRECTION('',(-1.,0.,0.));
#3757=DIRECTION('',(7.60843629814389E-16,1.,0.));
#3758=DIRECTION('',(-1.,7.60843629814389E-16,0.));
#3759=DIRECTION('',(1.,-7.60843629814389E-16,0.));
#3760=DIRECTION('',(0.,0.,-1.));
#3761=DIRECTION('',(-1.,-2.168404344971E-14,0.));
#3762=DIRECTION('',(0.,0.,1.));
#3763=DIRECTION('',(1.,0.,0.));
#3764=DIRECTION('',(0.,-1.,0.));
#3765=DIRECTION('',(1.,0.,0.));
#3766=DIRECTION('',(0.,-1.,0.));
#3767=DIRECTION('',(0.,0.,-1.));
#3768=DIRECTION('',(0.,0.,-1.));
#3769=DIRECTION('',(-1.,0.,0.));
#3770=DIRECTION('',(7.60843629814389E-16,1.,0.));
#3771=DIRECTION('',(-1.,7.60843629814389E-16,0.));
#3772=DIRECTION('',(1.,-7.60843629814389E-16,0.));
#3773=DIRECTION('',(0.,0.,-1.));
#3774=DIRECTION('',(-1.,-2.168404344971E-14,0.));
#3775=DIRECTION('',(0.,0.,1.));
#3776=DIRECTION('',(1.,0.,0.));
#3777=DIRECTION('',(0.,-1.,0.));
#3778=DIRECTION('',(1.,0.,0.));
#3779=DIRECTION('',(0.,-1.,0.));
#3780=DIRECTION('',(0.,0.,-1.));
#3781=DIRECTION('',(0.,0.,-1.));
#3782=DIRECTION('',(-1.,0.,0.));
#3783=DIRECTION('',(7.60843629814389E-16,1.,0.));
#3784=DIRECTION('',(-1.,7.60843629814389E-16,0.));
#3785=DIRECTION('',(1.,-7.60843629814389E-16,0.));
#3786=DIRECTION('',(0.,0.,-1.));
#3787=DIRECTION('',(-1.,-2.168404344971E-14,0.));
#3788=DIRECTION('',(0.,0.,1.));
#3789=DIRECTION('',(1.,0.,0.));
#3790=DIRECTION('',(0.,-1.,0.));
#3791=DIRECTION('',(1.,0.,0.));
#3792=DIRECTION('',(0.,-1.,0.));
#3793=DIRECTION('',(0.,0.,-1.));
#3794=DIRECTION('',(0.,0.,-1.));
#3795=DIRECTION('',(-1.,0.,0.));
#3796=DIRECTION('',(0.,1.,0.));
#3797=DIRECTION('',(0.,0.,1.));
#3798=DIRECTION('',(1.,0.,0.));
#3799=DIRECTION('',(0.,0.,-1.));
#3800=DIRECTION('',(1.,0.,0.));
#3801=DIRECTION('',(0.,0.,-1.));
#3802=DIRECTION('',(0.,0.,1.));
#3803=DIRECTION('',(1.,0.,0.));
#3804=DIRECTION('',(0.,0.,-1.));
#3805=DIRECTION('',(1.,0.,0.));
#3806=DIRECTION('',(0.,0.,1.));
#3807=DIRECTION('',(1.,0.,0.));
#3808=DIRECTION('',(9.03501810404587E-17,-1.,0.));
#3809=DIRECTION('',(9.03501810404587E-17,1.,0.));
#3810=DIRECTION('',(1.,0.,0.));
#3811=DIRECTION('',(1.,9.03501810404587E-17,0.));
#3812=DIRECTION('',(-9.03501810404587E-17,1.,0.));
#3813=DIRECTION('',(9.03501810404587E-17,-1.,0.));
#3814=DIRECTION('',(0.,0.,-1.));
#3815=DIRECTION('',(-2.71050543121375E-15,1.,0.));
#3816=DIRECTION('',(0.,0.,-1.));
#3817=DIRECTION('',(1.,5.42101086242752E-16,0.));
#3818=DIRECTION('',(-5.42101086242752E-16,1.,0.));
#3819=DIRECTION('',(5.42101086242752E-16,-1.,0.));
#3820=DIRECTION('',(5.42101086242752E-16,-1.,0.));
#3821=DIRECTION('',(0.,0.,-1.));
#3822=DIRECTION('',(-5.42101086242751E-15,-1.,0.));
#3823=DIRECTION('',(0.,0.,-1.));
#3824=DIRECTION('',(-1.,0.,0.));
#3825=DIRECTION('',(1.,0.,0.));
#3826=DIRECTION('',(0.,1.,0.));
#3827=DIRECTION('',(-1.,9.03501810404587E-17,0.));
#3828=DIRECTION('',(-9.03501810404587E-17,-1.,0.));
#3829=DIRECTION('',(9.03501810404587E-17,1.,0.));
#3830=DIRECTION('',(0.,0.,-1.));
#3831=DIRECTION('',(0.,0.,1.));
#3832=DIRECTION('',(1.,0.,0.));
#3833=DIRECTION('',(-1.,0.,0.));
#3834=DIRECTION('',(0.,-1.,0.));
#3835=DIRECTION('',(1.,0.,0.));
#3836=DIRECTION('',(0.,1.,0.));
#3837=DIRECTION('',(0.,0.,1.));
#3838=DIRECTION('',(1.,0.,0.));
#3839=DIRECTION('',(0.,0.,-1.));
#3840=DIRECTION('',(0.,1.,0.));
#3841=DIRECTION('',(0.,0.,1.));
#3842=DIRECTION('',(1.,0.,0.));
#3843=DIRECTION('',(0.,0.,-1.));
#3844=DIRECTION('',(1.,0.,0.));
#3845=DIRECTION('',(0.,0.,-1.));
#3846=DIRECTION('',(0.,0.,1.));
#3847=DIRECTION('',(1.,0.,0.));
#3848=DIRECTION('',(-9.03501810404587E-17,1.,0.));
#3849=DIRECTION('',(-5.42101086242752E-16,-1.,0.));
#3850=DIRECTION('',(5.42101086242752E-16,1.,0.));
#3851=DIRECTION('',(-1.,0.,0.));
#3852=DIRECTION('',(0.,1.,0.));
#3853=DIRECTION('',(0.707106781186548,0.707106781186547,0.));
#3854=DIRECTION('',(1.,0.,0.));
#3855=DIRECTION('',(-5.42101086242752E-16,1.,0.));
#3856=DIRECTION('',(-9.03501810404587E-17,-1.,0.));
#3857=DIRECTION('',(0.,0.,1.));
#3858=DIRECTION('',(1.,0.,0.));
#3859=DIRECTION('',(-9.03501810404587E-17,1.,0.));
#3860=DIRECTION('',(-9.03501810404587E-17,-1.,0.));
#3861=DIRECTION('',(-1.,0.,0.));
#3862=DIRECTION('',(-1.,-9.03501810404587E-17,0.));
#3863=DIRECTION('',(9.03501810404587E-17,-1.,0.));
#3864=DIRECTION('',(0.,0.,-1.));
#3865=DIRECTION('',(2.71050543121375E-15,-1.,0.));
#3866=DIRECTION('',(0.,0.,1.));
#3867=DIRECTION('',(1.,0.,0.));
#3868=DIRECTION('',(1.,0.,0.));
#3869=DIRECTION('',(0.,1.,0.));
#3870=DIRECTION('',(1.,-5.42101086242752E-16,0.));
#3871=DIRECTION('',(5.42101086242752E-16,1.,0.));
#3872=DIRECTION('',(0.,0.,-1.));
#3873=DIRECTION('',(-5.42101086242752E-16,-1.,0.));
#3874=DIRECTION('',(0.,0.,-1.));
#3875=DIRECTION('',(-1.,0.,0.));
#3876=DIRECTION('',(0.,1.,0.));
#3877=DIRECTION('',(1.,0.,0.));
#3878=DIRECTION('',(-1.,0.,0.));
#3879=DIRECTION('',(0.,1.,0.));
#3880=DIRECTION('',(0.,1.,0.));
#3881=DIRECTION('',(0.,1.,0.));
#3882=DIRECTION('',(0.,1.,0.));
#3883=DIRECTION('',(0.,1.,0.));
#3884=DIRECTION('',(1.,0.,0.));
#3885=DIRECTION('',(0.,0.,-1.));
#3886=DIRECTION('',(0.,0.,1.));
#3887=DIRECTION('',(0.,1.,0.));
#3888=DIRECTION('',(0.,0.,1.));
#3889=DIRECTION('',(0.,0.,-1.));
#3890=DIRECTION('',(-1.,0.,0.));
#3891=DIRECTION('',(5.42101086242751E-15,1.,0.));
#3892=DIRECTION('',(-1.,0.,0.));
#3893=DIRECTION('',(0.,-1.,0.));
#3894=DIRECTION('',(1.,-9.03501810404587E-17,0.));
#3895=DIRECTION('',(9.03501810404587E-17,1.,0.));
#3896=DIRECTION('',(0.,0.,-1.));
#3897=DIRECTION('',(0.,0.,1.));
#3898=DIRECTION('',(1.,0.,0.));
#3899=DIRECTION('',(0.,-1.,0.));
#3900=DIRECTION('',(1.,0.,0.));
#3901=DIRECTION('',(-1.,0.,0.));
#3902=DIRECTION('',(0.,-1.,0.));
#3903=DIRECTION('',(0.,0.,-1.));
#3904=DIRECTION('',(0.,0.,1.));
#3905=DIRECTION('',(1.,0.,0.));
#3906=DIRECTION('',(0.,0.,-1.));
#3907=DIRECTION('',(-1.,5.42101086242752E-16,0.));
#3908=DIRECTION('',(-5.42101086242752E-16,-1.,0.));
#3909=DIRECTION('',(5.42101086242752E-16,1.,0.));
#3910=DIRECTION('',(0.,0.,-1.));
#3911=DIRECTION('',(0.,-1.,0.));
#3912=DIRECTION('',(0.,0.,-1.));
#3913=DIRECTION('',(-1.,0.,0.));
#3914=DIRECTION('',(0.,0.,-1.));
#3915=DIRECTION('',(-1.,0.,0.));
#3916=DIRECTION('',(0.,0.,1.));
#3917=DIRECTION('',(0.,1.,0.));
#3918=DIRECTION('',(0.,0.,-1.));
#3919=DIRECTION('',(-0.707106781186548,0.707106781186548,0.));
#3920=DIRECTION('',(-0.707106781186548,-0.707106781186547,0.));
#3921=DIRECTION('',(0.707106781186548,0.707106781186547,0.));
#3922=DIRECTION('',(0.,0.,-1.));
#3923=DIRECTION('',(0.,1.,0.));
#3924=DIRECTION('',(0.,0.,1.));
#3925=DIRECTION('',(1.,0.,0.));
#3926=DIRECTION('',(0.,0.,-1.));
#3927=DIRECTION('',(-1.,-5.42101086242752E-16,0.));
#3928=DIRECTION('',(5.42101086242752E-16,-1.,0.));
#3929=DIRECTION('',(-5.42101086242752E-16,1.,0.));
#3930=DIRECTION('',(0.,0.,-1.));
#3931=DIRECTION('',(0.,1.,0.));
#3932=DIRECTION('',(0.,0.,1.));
#3933=DIRECTION('',(-1.,0.,0.));
#3934=DIRECTION('',(0.,0.,1.));
#3935=DIRECTION('',(-1.,0.,0.));
#3936=DIRECTION('',(0.,0.,1.));
#3937=DIRECTION('',(0.,-1.,0.));
#3938=DIRECTION('',(0.,-1.,0.));
#3939=DIRECTION('',(0.,-1.,0.));
#3940=DIRECTION('',(0.,0.,-1.));
#3941=DIRECTION('',(0.,1.,0.));
#3942=DIRECTION('',(0.,0.,1.));
#3943=DIRECTION('',(0.,-1.,0.));
#3944=DIRECTION('',(0.,-1.,0.));
#3945=DIRECTION('',(0.,-1.,0.));
#3946=DIRECTION('',(0.,0.,1.));
#3947=DIRECTION('',(1.,0.,0.));
#3948=DIRECTION('',(1.,0.,0.));
#3949=DIRECTION('',(0.,0.,1.));
#3950=DIRECTION('',(-1.,0.,0.));
#3951=DIRECTION('',(0.,1.,0.));
#3952=DIRECTION('',(0.,0.,1.));
#3953=DIRECTION('',(1.,0.,0.));
#3954=DIRECTION('',(-1.,-7.60843629814389E-16,0.));
#3955=DIRECTION('',(1.,0.,0.));
#3956=DIRECTION('',(0.,0.,1.));
#3957=DIRECTION('',(0.,1.,0.));
#3958=DIRECTION('',(0.,0.,-1.));
#3959=DIRECTION('',(0.,1.,0.));
#3960=DIRECTION('',(0.,0.,-1.));
#3961=DIRECTION('',(0.,0.,-1.));
#3962=DIRECTION('',(1.,0.,0.));
#3963=DIRECTION('',(0.,0.,1.));
#3964=DIRECTION('',(-1.,0.,0.));
#3965=DIRECTION('',(0.,0.,-1.));
#3966=DIRECTION('',(0.,0.,-1.));
#3967=DIRECTION('',(0.,-1.,0.));
#3968=DIRECTION('',(0.,0.,-1.));
#3969=DIRECTION('',(1.,0.,0.));
#3970=DIRECTION('',(-1.,0.,0.));
#3971=DIRECTION('',(0.,0.,-1.));
#3972=DIRECTION('',(1.,0.,0.));
#3973=DIRECTION('',(0.,0.,1.));
#3974=DIRECTION('',(-1.,0.,0.));
#3975=DIRECTION('',(0.,0.,-1.));
#3976=DIRECTION('',(0.,0.,-1.));
#3977=DIRECTION('',(0.,0.,1.));
#3978=DIRECTION('',(-1.,0.,0.));
#3979=DIRECTION('',(0.,1.,0.));
#3980=DIRECTION('',(-1.,-7.60843629814389E-16,0.));
#3981=DIRECTION('',(1.,0.,0.));
#3982=DIRECTION('',(0.,0.,1.));
#3983=DIRECTION('',(-7.60843629814389E-16,1.,0.));
#3984=DIRECTION('',(1.,7.60843629814389E-16,0.));
#3985=DIRECTION('',(1.,-2.168404344971E-14,0.));
#3986=DIRECTION('',(0.,0.,1.));
#3987=DIRECTION('',(-1.,0.,0.));
#3988=CARTESIAN_POINT('',(0.,0.,0.));
#3989=CARTESIAN_POINT('',(-1.215,-0.995,-0.875));
#3990=CARTESIAN_POINT('',(-1.215,-0.995,-0.9));
#3991=CARTESIAN_POINT('',(-1.1,-0.995,-0.9));
#3992=CARTESIAN_POINT('',(-1.215,-0.88,-0.9));
#3993=CARTESIAN_POINT('',(-1.215,-0.88,-0.875));
#3994=CARTESIAN_POINT('',(-1.215,-0.88,-0.875));
#3995=CARTESIAN_POINT('',(-1.215,-0.995,-0.875));
#3996=CARTESIAN_POINT('',(-1.1,-0.995,-0.875));
#3997=CARTESIAN_POINT('',(-1.1,-0.995,-0.875));
#3998=CARTESIAN_POINT('',(-1.1,-0.995,-0.875));
#3999=CARTESIAN_POINT('',(-1.1,-0.995,-0.9));
#4000=CARTESIAN_POINT('',(-1.1,-1.005,-0.9));
#4001=CARTESIAN_POINT('',(-1.1,-0.995,-0.875));
#4002=CARTESIAN_POINT('',(-1.1,-1.005,-0.875));
#4003=CARTESIAN_POINT('',(-1.1,-1.005,-0.875));
#4004=CARTESIAN_POINT('',(-1.215,-1.005,-0.875));
#4005=CARTESIAN_POINT('',(-1.215,-1.005,-0.9));
#4006=CARTESIAN_POINT('',(-1.215,-1.12,-0.9));
#4007=CARTESIAN_POINT('',(-1.215,-1.005,-0.875));
#4008=CARTESIAN_POINT('',(-1.215,-1.12,-0.875));
#4009=CARTESIAN_POINT('',(-1.215,-1.12,-0.875));
#4010=CARTESIAN_POINT('',(-1.215,-1.12,-0.875));
#4011=CARTESIAN_POINT('',(-1.215,-1.12,-0.9));
#4012=CARTESIAN_POINT('',(-1.51,-1.12,-0.9));
#4013=CARTESIAN_POINT('',(-2.16840434497101E-16,-1.12,-0.875));
#4014=CARTESIAN_POINT('',(-1.5,-1.12,-0.875));
#4015=CARTESIAN_POINT('',(-1.5,-1.12,-0.9));
#4016=CARTESIAN_POINT('',(-1.5,-1.12,-0.7));
#4017=CARTESIAN_POINT('',(-1.5,-1.12,-0.7));
#4018=CARTESIAN_POINT('',(-1.51,-1.12,-0.7));
#4019=CARTESIAN_POINT('',(-1.51,-1.12,-0.7));
#4020=CARTESIAN_POINT('',(-1.5,-0.88,-0.875));
#4021=CARTESIAN_POINT('',(-1.5,-0.88,-0.9));
#4022=CARTESIAN_POINT('',(-1.51,-0.88,-0.9));
#4023=CARTESIAN_POINT('',(-1.51,-0.88,-0.7));
#4024=CARTESIAN_POINT('',(-1.51,-0.88,-0.7));
#4025=CARTESIAN_POINT('',(-1.51,-0.88,-0.7));
#4026=CARTESIAN_POINT('',(-1.5,-0.88,-0.7));
#4027=CARTESIAN_POINT('',(-1.5,-0.88,-0.9));
#4028=CARTESIAN_POINT('',(-1.5,-0.88,-0.875));
#4029=CARTESIAN_POINT('',(-1.06898529988922E-15,-0.879999999999999,-0.875));
#4030=CARTESIAN_POINT('',(-2.16840434497101E-16,-2.,-0.9));
#4031=CARTESIAN_POINT('',(-1.51,-1.12,-0.9));
#4032=CARTESIAN_POINT('',(-2.16840434497101E-16,-2.,-0.7));
#4033=CARTESIAN_POINT('',(-1.5,-0.5,-0.7));
#4034=CARTESIAN_POINT('',(-1.51,-1.12,-0.7));
#4035=CARTESIAN_POINT('',(-1.51,-1.12,-0.7));
#4036=CARTESIAN_POINT('',(-1.215,-0.495,-0.875));
#4037=CARTESIAN_POINT('',(-1.215,-0.495,-0.9));
#4038=CARTESIAN_POINT('',(-1.1,-0.495,-0.9));
#4039=CARTESIAN_POINT('',(-1.215,-0.38,-0.9));
#4040=CARTESIAN_POINT('',(-1.215,-0.38,-0.875));
#4041=CARTESIAN_POINT('',(-1.215,-0.38,-0.875));
#4042=CARTESIAN_POINT('',(-1.215,-0.495,-0.875));
#4043=CARTESIAN_POINT('',(-1.1,-0.495,-0.875));
#4044=CARTESIAN_POINT('',(-1.1,-0.495,-0.875));
#4045=CARTESIAN_POINT('',(-1.1,-0.495,-0.875));
#4046=CARTESIAN_POINT('',(-1.1,-0.495,-0.9));
#4047=CARTESIAN_POINT('',(-1.1,-0.505,-0.9));
#4048=CARTESIAN_POINT('',(-1.1,-0.495,-0.875));
#4049=CARTESIAN_POINT('',(-1.1,-0.505,-0.875));
#4050=CARTESIAN_POINT('',(-1.1,-0.505,-0.875));
#4051=CARTESIAN_POINT('',(-1.215,-0.505,-0.875));
#4052=CARTESIAN_POINT('',(-1.215,-0.505,-0.9));
#4053=CARTESIAN_POINT('',(-1.215,-0.62,-0.9));
#4054=CARTESIAN_POINT('',(-1.215,-0.505,-0.875));
#4055=CARTESIAN_POINT('',(-1.215,-0.62,-0.875));
#4056=CARTESIAN_POINT('',(-1.215,-0.62,-0.875));
#4057=CARTESIAN_POINT('',(-1.215,-0.62,-0.875));
#4058=CARTESIAN_POINT('',(-1.215,-0.62,-0.9));
#4059=CARTESIAN_POINT('',(-1.51,-0.62,-0.9));
#4060=CARTESIAN_POINT('',(-2.16840434497101E-16,-0.62,-0.875));
#4061=CARTESIAN_POINT('',(-1.5,-0.62,-0.875));
#4062=CARTESIAN_POINT('',(-1.5,-0.62,-0.9));
#4063=CARTESIAN_POINT('',(-1.5,-0.62,-0.7));
#4064=CARTESIAN_POINT('',(-1.5,-0.62,-0.7));
#4065=CARTESIAN_POINT('',(-1.51,-0.62,-0.7));
#4066=CARTESIAN_POINT('',(-1.51,-0.62,-0.7));
#4067=CARTESIAN_POINT('',(-1.5,-0.38,-0.875));
#4068=CARTESIAN_POINT('',(-1.5,-0.38,-0.9));
#4069=CARTESIAN_POINT('',(-1.51,-0.38,-0.9));
#4070=CARTESIAN_POINT('',(-1.51,-0.38,-0.7));
#4071=CARTESIAN_POINT('',(-1.51,-0.38,-0.7));
#4072=CARTESIAN_POINT('',(-1.51,-0.38,-0.7));
#4073=CARTESIAN_POINT('',(-1.5,-0.38,-0.7));
#4074=CARTESIAN_POINT('',(-1.5,-0.38,-0.9));
#4075=CARTESIAN_POINT('',(-1.5,-0.38,-0.875));
#4076=CARTESIAN_POINT('',(-1.06898529988922E-15,-0.379999999999999,-0.875));
#4077=CARTESIAN_POINT('',(-2.16840434497101E-16,-1.5,-0.9));
#4078=CARTESIAN_POINT('',(-1.51,-0.62,-0.9));
#4079=CARTESIAN_POINT('',(-2.16840434497101E-16,-1.5,-0.7));
#4080=CARTESIAN_POINT('',(-1.5,0.,-0.7));
#4081=CARTESIAN_POINT('',(-1.51,-0.62,-0.7));
#4082=CARTESIAN_POINT('',(-1.51,-0.62,-0.7));
#4083=CARTESIAN_POINT('',(-1.215,0.00500000000000001,-0.875));
#4084=CARTESIAN_POINT('',(-1.215,0.00500000000000001,-0.9));
#4085=CARTESIAN_POINT('',(-1.1,0.00500000000000001,-0.9));
#4086=CARTESIAN_POINT('',(-1.215,0.12,-0.9));
#4087=CARTESIAN_POINT('',(-1.215,0.12,-0.875));
#4088=CARTESIAN_POINT('',(-1.215,0.12,-0.875));
#4089=CARTESIAN_POINT('',(-1.215,0.00500000000000001,-0.875));
#4090=CARTESIAN_POINT('',(-1.1,0.00500000000000001,-0.875));
#4091=CARTESIAN_POINT('',(-1.1,0.00500000000000001,-0.875));
#4092=CARTESIAN_POINT('',(-1.1,0.00500000000000001,-0.875));
#4093=CARTESIAN_POINT('',(-1.1,0.00500000000000001,-0.9));
#4094=CARTESIAN_POINT('',(-1.1,-0.00500000000000001,-0.9));
#4095=CARTESIAN_POINT('',(-1.1,0.00500000000000001,-0.875));
#4096=CARTESIAN_POINT('',(-1.1,-0.00500000000000001,-0.875));
#4097=CARTESIAN_POINT('',(-1.1,-0.00500000000000001,-0.875));
#4098=CARTESIAN_POINT('',(-1.215,-0.00500000000000001,-0.875));
#4099=CARTESIAN_POINT('',(-1.215,-0.00500000000000001,-0.9));
#4100=CARTESIAN_POINT('',(-1.215,-0.12,-0.9));
#4101=CARTESIAN_POINT('',(-1.215,-0.00500000000000001,-0.875));
#4102=CARTESIAN_POINT('',(-1.215,-0.12,-0.875));
#4103=CARTESIAN_POINT('',(-1.215,-0.12,-0.875));
#4104=CARTESIAN_POINT('',(-1.215,-0.12,-0.875));
#4105=CARTESIAN_POINT('',(-1.215,-0.12,-0.9));
#4106=CARTESIAN_POINT('',(-1.51,-0.12,-0.9));
#4107=CARTESIAN_POINT('',(-2.16840434497101E-16,-0.12,-0.875));
#4108=CARTESIAN_POINT('',(-1.5,-0.12,-0.875));
#4109=CARTESIAN_POINT('',(-1.5,-0.12,-0.9));
#4110=CARTESIAN_POINT('',(-1.5,-0.12,-0.7));
#4111=CARTESIAN_POINT('',(-1.5,-0.12,-0.7));
#4112=CARTESIAN_POINT('',(-1.51,-0.12,-0.7));
#4113=CARTESIAN_POINT('',(-1.51,-0.12,-0.7));
#4114=CARTESIAN_POINT('',(-1.5,0.12,-0.875));
#4115=CARTESIAN_POINT('',(-1.5,0.12,-0.9));
#4116=CARTESIAN_POINT('',(-1.51,0.12,-0.9));
#4117=CARTESIAN_POINT('',(-1.51,0.12,-0.7));
#4118=CARTESIAN_POINT('',(-1.51,0.12,-0.7));
#4119=CARTESIAN_POINT('',(-1.51,0.12,-0.7));
#4120=CARTESIAN_POINT('',(-1.5,0.12,-0.7));
#4121=CARTESIAN_POINT('',(-1.5,0.12,-0.9));
#4122=CARTESIAN_POINT('',(-1.5,0.12,-0.875));
#4123=CARTESIAN_POINT('',(-1.06898529988922E-15,0.120000000000001,-0.875));
#4124=CARTESIAN_POINT('',(-2.16840434497101E-16,-1.,-0.9));
#4125=CARTESIAN_POINT('',(-1.51,-0.12,-0.9));
#4126=CARTESIAN_POINT('',(-2.16840434497101E-16,-1.,-0.7));
#4127=CARTESIAN_POINT('',(-1.5,0.5,-0.7));
#4128=CARTESIAN_POINT('',(-1.51,-0.12,-0.7));
#4129=CARTESIAN_POINT('',(-1.51,-0.12,-0.7));
#4130=CARTESIAN_POINT('',(-1.215,0.505,-0.875));
#4131=CARTESIAN_POINT('',(-1.215,0.505,-0.9));
#4132=CARTESIAN_POINT('',(-1.1,0.505,-0.9));
#4133=CARTESIAN_POINT('',(-1.215,0.62,-0.9));
#4134=CARTESIAN_POINT('',(-1.215,0.62,-0.875));
#4135=CARTESIAN_POINT('',(-1.215,0.62,-0.875));
#4136=CARTESIAN_POINT('',(-1.215,0.505,-0.875));
#4137=CARTESIAN_POINT('',(-1.1,0.505,-0.875));
#4138=CARTESIAN_POINT('',(-1.1,0.505,-0.875));
#4139=CARTESIAN_POINT('',(-1.1,0.505,-0.875));
#4140=CARTESIAN_POINT('',(-1.1,0.505,-0.9));
#4141=CARTESIAN_POINT('',(-1.1,0.495,-0.9));
#4142=CARTESIAN_POINT('',(-1.1,0.505,-0.875));
#4143=CARTESIAN_POINT('',(-1.1,0.495,-0.875));
#4144=CARTESIAN_POINT('',(-1.1,0.495,-0.875));
#4145=CARTESIAN_POINT('',(-1.215,0.495,-0.875));
#4146=CARTESIAN_POINT('',(-1.215,0.495,-0.9));
#4147=CARTESIAN_POINT('',(-1.215,0.38,-0.9));
#4148=CARTESIAN_POINT('',(-1.215,0.495,-0.875));
#4149=CARTESIAN_POINT('',(-1.215,0.38,-0.875));
#4150=CARTESIAN_POINT('',(-1.215,0.38,-0.875));
#4151=CARTESIAN_POINT('',(-1.215,0.38,-0.875));
#4152=CARTESIAN_POINT('',(-1.215,0.38,-0.9));
#4153=CARTESIAN_POINT('',(-1.51,0.38,-0.9));
#4154=CARTESIAN_POINT('',(0.,0.38,-0.875));
#4155=CARTESIAN_POINT('',(-1.5,0.38,-0.875));
#4156=CARTESIAN_POINT('',(-1.5,0.38,-0.9));
#4157=CARTESIAN_POINT('',(-1.5,0.38,-0.7));
#4158=CARTESIAN_POINT('',(-1.5,0.38,-0.7));
#4159=CARTESIAN_POINT('',(-1.51,0.38,-0.7));
#4160=CARTESIAN_POINT('',(-1.51,0.38,-0.7));
#4161=CARTESIAN_POINT('',(-1.5,0.62,-0.875));
#4162=CARTESIAN_POINT('',(-1.5,0.62,-0.9));
#4163=CARTESIAN_POINT('',(-1.51,0.62,-0.9));
#4164=CARTESIAN_POINT('',(-1.51,0.62,-0.7));
#4165=CARTESIAN_POINT('',(-1.51,0.62,-0.7));
#4166=CARTESIAN_POINT('',(-1.51,0.62,-0.7));
#4167=CARTESIAN_POINT('',(-1.5,0.62,-0.7));
#4168=CARTESIAN_POINT('',(-1.5,0.62,-0.9));
#4169=CARTESIAN_POINT('',(-1.5,0.62,-0.875));
#4170=CARTESIAN_POINT('',(-8.52144865392117E-16,0.620000000000001,-0.875));
#4171=CARTESIAN_POINT('',(0.,-0.5,-0.9));
#4172=CARTESIAN_POINT('',(-1.51,0.38,-0.9));
#4173=CARTESIAN_POINT('',(0.,-0.5,-0.7));
#4174=CARTESIAN_POINT('',(-1.5,1.,-0.7));
#4175=CARTESIAN_POINT('',(-1.51,0.38,-0.7));
#4176=CARTESIAN_POINT('',(-1.51,0.38,-0.7));
#4177=CARTESIAN_POINT('',(1.51,0.88,-0.7));
#4178=CARTESIAN_POINT('',(1.51,0.88,-0.9));
#4179=CARTESIAN_POINT('',(1.51,0.88,-0.9));
#4180=CARTESIAN_POINT('',(1.51,1.12,-0.9));
#4181=CARTESIAN_POINT('',(1.51,1.12,-0.7));
#4182=CARTESIAN_POINT('',(1.51,1.12,-0.7));
#4183=CARTESIAN_POINT('',(1.51,0.88,-0.7));
#4184=CARTESIAN_POINT('',(1.51,0.88,-0.7));
#4185=CARTESIAN_POINT('',(1.51,0.88,-0.7));
#4186=CARTESIAN_POINT('',(0.,0.,-0.9));
#4187=CARTESIAN_POINT('',(1.215,1.005,-0.9));
#4188=CARTESIAN_POINT('',(1.1,1.005,-0.9));
#4189=CARTESIAN_POINT('',(1.215,1.12,-0.9));
#4190=CARTESIAN_POINT('',(1.5,1.12,-0.9));
#4191=CARTESIAN_POINT('',(1.215,0.88,-0.9));
#4192=CARTESIAN_POINT('',(1.215,0.88,-0.9));
#4193=CARTESIAN_POINT('',(1.215,0.995,-0.9));
#4194=CARTESIAN_POINT('',(1.1,0.995,-0.9));
#4195=CARTESIAN_POINT('',(1.1,1.005,-0.9));
#4196=CARTESIAN_POINT('',(1.51,0.38,-0.7));
#4197=CARTESIAN_POINT('',(1.51,0.38,-0.9));
#4198=CARTESIAN_POINT('',(1.51,0.38,-0.9));
#4199=CARTESIAN_POINT('',(1.51,0.62,-0.9));
#4200=CARTESIAN_POINT('',(1.51,0.62,-0.7));
#4201=CARTESIAN_POINT('',(1.51,0.62,-0.7));
#4202=CARTESIAN_POINT('',(1.51,0.38,-0.7));
#4203=CARTESIAN_POINT('',(1.51,0.38,-0.7));
#4204=CARTESIAN_POINT('',(1.51,0.38,-0.7));
#4205=CARTESIAN_POINT('',(0.,-0.5,-0.9));
#4206=CARTESIAN_POINT('',(1.215,0.505,-0.9));
#4207=CARTESIAN_POINT('',(1.1,0.505,-0.9));
#4208=CARTESIAN_POINT('',(1.215,0.62,-0.9));
#4209=CARTESIAN_POINT('',(1.5,0.62,-0.9));
#4210=CARTESIAN_POINT('',(1.215,0.38,-0.9));
#4211=CARTESIAN_POINT('',(1.215,0.38,-0.9));
#4212=CARTESIAN_POINT('',(1.215,0.495,-0.9));
#4213=CARTESIAN_POINT('',(1.1,0.495,-0.9));
#4214=CARTESIAN_POINT('',(1.1,0.505,-0.9));
#4215=CARTESIAN_POINT('',(1.51,-0.12,-0.7));
#4216=CARTESIAN_POINT('',(1.51,-0.12,-0.9));
#4217=CARTESIAN_POINT('',(1.51,-0.12,-0.9));
#4218=CARTESIAN_POINT('',(1.51,0.12,-0.9));
#4219=CARTESIAN_POINT('',(1.51,0.12,-0.7));
#4220=CARTESIAN_POINT('',(1.51,0.12,-0.7));
#4221=CARTESIAN_POINT('',(1.51,-0.12,-0.7));
#4222=CARTESIAN_POINT('',(1.51,-0.12,-0.7));
#4223=CARTESIAN_POINT('',(1.51,-0.12,-0.7));
#4224=CARTESIAN_POINT('',(2.16840434497101E-16,-1.,-0.9));
#4225=CARTESIAN_POINT('',(1.215,0.00500000000000001,-0.9));
#4226=CARTESIAN_POINT('',(1.1,0.00500000000000001,-0.9));
#4227=CARTESIAN_POINT('',(1.215,0.12,-0.9));
#4228=CARTESIAN_POINT('',(1.5,0.12,-0.9));
#4229=CARTESIAN_POINT('',(1.215,-0.12,-0.9));
#4230=CARTESIAN_POINT('',(1.215,-0.12,-0.9));
#4231=CARTESIAN_POINT('',(1.215,-0.00500000000000001,-0.9));
#4232=CARTESIAN_POINT('',(1.1,-0.00500000000000001,-0.9));
#4233=CARTESIAN_POINT('',(1.1,0.00500000000000001,-0.9));
#4234=CARTESIAN_POINT('',(1.51,-0.62,-0.7));
#4235=CARTESIAN_POINT('',(1.51,-0.62,-0.9));
#4236=CARTESIAN_POINT('',(1.51,-0.62,-0.9));
#4237=CARTESIAN_POINT('',(1.51,-0.38,-0.9));
#4238=CARTESIAN_POINT('',(1.51,-0.38,-0.7));
#4239=CARTESIAN_POINT('',(1.51,-0.38,-0.7));
#4240=CARTESIAN_POINT('',(1.51,-0.62,-0.7));
#4241=CARTESIAN_POINT('',(1.51,-0.62,-0.7));
#4242=CARTESIAN_POINT('',(1.51,-0.62,-0.7));
#4243=CARTESIAN_POINT('',(2.16840434497101E-16,-1.5,-0.9));
#4244=CARTESIAN_POINT('',(1.215,-0.495,-0.9));
#4245=CARTESIAN_POINT('',(1.1,-0.495,-0.9));
#4246=CARTESIAN_POINT('',(1.215,-0.38,-0.9));
#4247=CARTESIAN_POINT('',(1.5,-0.38,-0.9));
#4248=CARTESIAN_POINT('',(1.215,-0.62,-0.9));
#4249=CARTESIAN_POINT('',(1.215,-0.62,-0.9));
#4250=CARTESIAN_POINT('',(1.215,-0.505,-0.9));
#4251=CARTESIAN_POINT('',(1.1,-0.505,-0.9));
#4252=CARTESIAN_POINT('',(1.1,-0.495,-0.9));
#4253=CARTESIAN_POINT('',(1.51,-1.12,-0.7));
#4254=CARTESIAN_POINT('',(1.51,-1.12,-0.9));
#4255=CARTESIAN_POINT('',(1.51,-1.12,-0.9));
#4256=CARTESIAN_POINT('',(1.51,-0.88,-0.9));
#4257=CARTESIAN_POINT('',(1.51,-0.88,-0.7));
#4258=CARTESIAN_POINT('',(1.51,-0.88,-0.7));
#4259=CARTESIAN_POINT('',(1.51,-1.12,-0.7));
#4260=CARTESIAN_POINT('',(1.51,-1.12,-0.7));
#4261=CARTESIAN_POINT('',(1.51,-1.12,-0.7));
#4262=CARTESIAN_POINT('',(2.16840434497101E-16,-2.,-0.9));
#4263=CARTESIAN_POINT('',(1.215,-0.995,-0.9));
#4264=CARTESIAN_POINT('',(1.1,-0.995,-0.9));
#4265=CARTESIAN_POINT('',(1.215,-0.88,-0.9));
#4266=CARTESIAN_POINT('',(1.5,-0.88,-0.9));
#4267=CARTESIAN_POINT('',(1.215,-1.12,-0.9));
#4268=CARTESIAN_POINT('',(1.215,-1.12,-0.9));
#4269=CARTESIAN_POINT('',(1.215,-1.005,-0.9));
#4270=CARTESIAN_POINT('',(1.1,-1.005,-0.9));
#4271=CARTESIAN_POINT('',(1.1,-0.995,-0.9));
#4272=CARTESIAN_POINT('',(-1.02686170212766,1.05406914893617,-0.01));
#4273=CARTESIAN_POINT('',(-1.02686170212766,1.05406914893617,-0.01));
#4274=CARTESIAN_POINT('',(-0.876861702127659,1.05406914893617,-0.01));
#4275=CARTESIAN_POINT('',(0.125,-1.2,-0.875));
#4276=CARTESIAN_POINT('',(0.125,-1.2,-0.9));
#4277=CARTESIAN_POINT('',(0.125,-1.2,-0.9));
#4278=CARTESIAN_POINT('',(-0.125,-1.2,-0.9));
#4279=CARTESIAN_POINT('',(0.125,-1.2,-0.875));
#4280=CARTESIAN_POINT('',(0.125,-1.2,-0.875));
#4281=CARTESIAN_POINT('',(0.125,-1.2,-0.875));
#4282=CARTESIAN_POINT('',(-0.125,-1.2,-0.875));
#4283=CARTESIAN_POINT('',(-0.125,-1.2,-0.875));
#4284=CARTESIAN_POINT('',(0.375,-1.51,-0.7));
#4285=CARTESIAN_POINT('',(0.375,-1.51,-0.9));
#4286=CARTESIAN_POINT('',(0.375,-1.51,-0.9));
#4287=CARTESIAN_POINT('',(0.125,-1.51,-0.9));
#4288=CARTESIAN_POINT('',(0.375,-1.51,-0.7));
#4289=CARTESIAN_POINT('',(0.375,-1.51,-0.7));
#4290=CARTESIAN_POINT('',(0.375,-1.51,-0.7));
#4291=CARTESIAN_POINT('',(0.125,-1.51,-0.7));
#4292=CARTESIAN_POINT('',(0.125,-1.51,-0.7));
#4293=CARTESIAN_POINT('',(0.375,1.51,-0.7));
#4294=CARTESIAN_POINT('',(0.375,1.51,-0.9));
#4295=CARTESIAN_POINT('',(0.375,1.51,-0.9));
#4296=CARTESIAN_POINT('',(0.125,1.51,-0.9));
#4297=CARTESIAN_POINT('',(0.125,1.51,-0.7));
#4298=CARTESIAN_POINT('',(0.125,1.51,-0.7));
#4299=CARTESIAN_POINT('',(0.375,1.51,-0.7));
#4300=CARTESIAN_POINT('',(0.375,1.51,-0.7));
#4301=CARTESIAN_POINT('',(0.375,1.51,-0.7));
#4302=CARTESIAN_POINT('',(1.215,-1.005,-0.875));
#4303=CARTESIAN_POINT('',(1.215,-1.12,-0.875));
#4304=CARTESIAN_POINT('',(1.215,-1.12,-0.875));
#4305=CARTESIAN_POINT('',(1.215,-1.005,-0.875));
#4306=CARTESIAN_POINT('',(1.1,-1.005,-0.875));
#4307=CARTESIAN_POINT('',(1.1,-1.005,-0.875));
#4308=CARTESIAN_POINT('',(1.1,-0.995,-0.875));
#4309=CARTESIAN_POINT('',(1.1,-0.995,-0.875));
#4310=CARTESIAN_POINT('',(1.1,-0.995,-0.875));
#4311=CARTESIAN_POINT('',(1.1,-0.995,-0.875));
#4312=CARTESIAN_POINT('',(1.215,-0.995,-0.875));
#4313=CARTESIAN_POINT('',(1.215,-0.995,-0.875));
#4314=CARTESIAN_POINT('',(1.215,-0.88,-0.875));
#4315=CARTESIAN_POINT('',(1.215,-0.88,-0.875));
#4316=CARTESIAN_POINT('',(1.215,-0.505,-0.875));
#4317=CARTESIAN_POINT('',(1.215,-0.62,-0.875));
#4318=CARTESIAN_POINT('',(1.215,-0.62,-0.875));
#4319=CARTESIAN_POINT('',(1.215,-0.505,-0.875));
#4320=CARTESIAN_POINT('',(1.1,-0.505,-0.875));
#4321=CARTESIAN_POINT('',(1.1,-0.505,-0.875));
#4322=CARTESIAN_POINT('',(1.1,-0.495,-0.875));
#4323=CARTESIAN_POINT('',(1.1,-0.495,-0.875));
#4324=CARTESIAN_POINT('',(1.1,-0.495,-0.875));
#4325=CARTESIAN_POINT('',(1.1,-0.495,-0.875));
#4326=CARTESIAN_POINT('',(1.215,-0.495,-0.875));
#4327=CARTESIAN_POINT('',(1.215,-0.495,-0.875));
#4328=CARTESIAN_POINT('',(1.215,-0.38,-0.875));
#4329=CARTESIAN_POINT('',(1.215,-0.38,-0.875));
#4330=CARTESIAN_POINT('',(1.215,-0.00500000000000001,-0.875));
#4331=CARTESIAN_POINT('',(1.215,-0.12,-0.875));
#4332=CARTESIAN_POINT('',(1.215,-0.12,-0.875));
#4333=CARTESIAN_POINT('',(1.215,-0.00500000000000001,-0.875));
#4334=CARTESIAN_POINT('',(1.1,-0.00500000000000001,-0.875));
#4335=CARTESIAN_POINT('',(1.1,-0.00500000000000001,-0.875));
#4336=CARTESIAN_POINT('',(1.1,0.00500000000000001,-0.875));
#4337=CARTESIAN_POINT('',(1.1,0.00500000000000001,-0.875));
#4338=CARTESIAN_POINT('',(1.1,0.00500000000000001,-0.875));
#4339=CARTESIAN_POINT('',(1.1,0.00500000000000001,-0.875));
#4340=CARTESIAN_POINT('',(1.215,0.00500000000000001,-0.875));
#4341=CARTESIAN_POINT('',(1.215,0.00500000000000001,-0.875));
#4342=CARTESIAN_POINT('',(1.215,0.12,-0.875));
#4343=CARTESIAN_POINT('',(1.215,0.12,-0.875));
#4344=CARTESIAN_POINT('',(1.215,0.495,-0.875));
#4345=CARTESIAN_POINT('',(1.215,0.38,-0.875));
#4346=CARTESIAN_POINT('',(1.215,0.38,-0.875));
#4347=CARTESIAN_POINT('',(1.215,0.495,-0.875));
#4348=CARTESIAN_POINT('',(1.1,0.495,-0.875));
#4349=CARTESIAN_POINT('',(1.1,0.495,-0.875));
#4350=CARTESIAN_POINT('',(1.1,0.505,-0.875));
#4351=CARTESIAN_POINT('',(1.1,0.505,-0.875));
#4352=CARTESIAN_POINT('',(1.1,0.505,-0.875));
#4353=CARTESIAN_POINT('',(1.1,0.505,-0.875));
#4354=CARTESIAN_POINT('',(1.215,0.505,-0.875));
#4355=CARTESIAN_POINT('',(1.215,0.505,-0.875));
#4356=CARTESIAN_POINT('',(1.215,0.62,-0.875));
#4357=CARTESIAN_POINT('',(1.215,0.62,-0.875));
#4358=CARTESIAN_POINT('',(1.215,0.995,-0.875));
#4359=CARTESIAN_POINT('',(1.215,0.88,-0.875));
#4360=CARTESIAN_POINT('',(1.215,0.88,-0.875));
#4361=CARTESIAN_POINT('',(1.215,0.995,-0.875));
#4362=CARTESIAN_POINT('',(1.1,0.995,-0.875));
#4363=CARTESIAN_POINT('',(1.1,0.995,-0.875));
#4364=CARTESIAN_POINT('',(1.1,1.005,-0.875));
#4365=CARTESIAN_POINT('',(1.1,1.005,-0.875));
#4366=CARTESIAN_POINT('',(1.1,1.005,-0.875));
#4367=CARTESIAN_POINT('',(1.1,1.005,-0.875));
#4368=CARTESIAN_POINT('',(1.215,1.005,-0.875));
#4369=CARTESIAN_POINT('',(1.215,1.005,-0.875));
#4370=CARTESIAN_POINT('',(1.215,1.12,-0.875));
#4371=CARTESIAN_POINT('',(1.215,1.12,-0.875));
#4372=CARTESIAN_POINT('',(0.375,1.2,-0.875));
#4373=CARTESIAN_POINT('',(0.375,1.2,-0.9));
#4374=CARTESIAN_POINT('',(0.375,1.2,-0.9));
#4375=CARTESIAN_POINT('',(0.825,1.2,-0.9));
#4376=CARTESIAN_POINT('',(0.375,1.2,-0.875));
#4377=CARTESIAN_POINT('',(0.375,1.2,-0.875));
#4378=CARTESIAN_POINT('',(0.375,1.2,-0.875));
#4379=CARTESIAN_POINT('',(0.825,1.2,-0.875));
#4380=CARTESIAN_POINT('',(0.825,1.2,-0.875));
#4381=CARTESIAN_POINT('',(0.825,1.2,-0.875));
#4382=CARTESIAN_POINT('',(0.825,1.2,-0.9));
#4383=CARTESIAN_POINT('',(0.825,-1.2,-0.9));
#4384=CARTESIAN_POINT('',(0.825,1.2,-0.875));
#4385=CARTESIAN_POINT('',(0.825,-1.2,-0.875));
#4386=CARTESIAN_POINT('',(0.825,-1.2,-0.875));
#4387=CARTESIAN_POINT('',(0.825,-1.2,-0.875));
#4388=CARTESIAN_POINT('',(0.825,-1.2,-0.9));
#4389=CARTESIAN_POINT('',(0.375,-1.2,-0.9));
#4390=CARTESIAN_POINT('',(0.825,-1.2,-0.875));
#4391=CARTESIAN_POINT('',(0.375,-1.2,-0.875));
#4392=CARTESIAN_POINT('',(0.375,-1.2,-0.875));
#4393=CARTESIAN_POINT('',(1.5,1.12,-0.875));
#4394=CARTESIAN_POINT('',(1.5,1.12,-0.875));
#4395=CARTESIAN_POINT('',(1.5,1.12,-0.875));
#4396=CARTESIAN_POINT('',(1.5,1.12,-0.7));
#4397=CARTESIAN_POINT('',(1.5,1.12,-0.7));
#4398=CARTESIAN_POINT('',(1.51,1.12,-0.7));
#4399=CARTESIAN_POINT('',(0.,0.,-0.7));
#4400=CARTESIAN_POINT('',(1.5,0.88,-0.7));
#4401=CARTESIAN_POINT('',(1.5,0.88,-0.7));
#4402=CARTESIAN_POINT('',(1.5,0.88,-0.7));
#4403=CARTESIAN_POINT('',(1.215,0.88,-0.875));
#4404=CARTESIAN_POINT('',(1.5,0.88,-0.7));
#4405=CARTESIAN_POINT('',(1.5,0.88,-0.875));
#4406=CARTESIAN_POINT('',(1.215,0.88,-0.875));
#4407=CARTESIAN_POINT('',(1.5,0.62,-0.875));
#4408=CARTESIAN_POINT('',(1.5,0.62,-0.875));
#4409=CARTESIAN_POINT('',(1.5,0.62,-0.875));
#4410=CARTESIAN_POINT('',(1.5,0.62,-0.7));
#4411=CARTESIAN_POINT('',(1.5,0.62,-0.7));
#4412=CARTESIAN_POINT('',(1.51,0.62,-0.7));
#4413=CARTESIAN_POINT('',(0.,-0.5,-0.7));
#4414=CARTESIAN_POINT('',(1.5,0.38,-0.7));
#4415=CARTESIAN_POINT('',(1.5,0.38,-0.7));
#4416=CARTESIAN_POINT('',(1.5,0.38,-0.7));
#4417=CARTESIAN_POINT('',(1.215,0.38,-0.875));
#4418=CARTESIAN_POINT('',(1.5,0.38,-0.7));
#4419=CARTESIAN_POINT('',(1.5,0.38,-0.875));
#4420=CARTESIAN_POINT('',(1.215,0.38,-0.875));
#4421=CARTESIAN_POINT('',(1.5,0.12,-0.875));
#4422=CARTESIAN_POINT('',(1.5,0.12,-0.875));
#4423=CARTESIAN_POINT('',(1.5,0.12,-0.875));
#4424=CARTESIAN_POINT('',(1.5,0.12,-0.7));
#4425=CARTESIAN_POINT('',(1.5,0.12,-0.7));
#4426=CARTESIAN_POINT('',(1.51,0.12,-0.7));
#4427=CARTESIAN_POINT('',(2.16840434497101E-16,-1.,-0.7));
#4428=CARTESIAN_POINT('',(1.5,-0.12,-0.7));
#4429=CARTESIAN_POINT('',(1.5,-0.12,-0.7));
#4430=CARTESIAN_POINT('',(1.5,-0.12,-0.7));
#4431=CARTESIAN_POINT('',(1.215,-0.12,-0.875));
#4432=CARTESIAN_POINT('',(1.5,-0.12,-0.7));
#4433=CARTESIAN_POINT('',(1.5,-0.12,-0.875));
#4434=CARTESIAN_POINT('',(1.215,-0.12,-0.875));
#4435=CARTESIAN_POINT('',(1.5,-0.38,-0.875));
#4436=CARTESIAN_POINT('',(1.5,-0.38,-0.875));
#4437=CARTESIAN_POINT('',(1.5,-0.38,-0.875));
#4438=CARTESIAN_POINT('',(1.5,-0.38,-0.7));
#4439=CARTESIAN_POINT('',(1.5,-0.38,-0.7));
#4440=CARTESIAN_POINT('',(1.51,-0.38,-0.7));
#4441=CARTESIAN_POINT('',(2.16840434497101E-16,-1.5,-0.7));
#4442=CARTESIAN_POINT('',(1.5,-0.62,-0.7));
#4443=CARTESIAN_POINT('',(1.5,-0.62,-0.7));
#4444=CARTESIAN_POINT('',(1.5,-0.62,-0.7));
#4445=CARTESIAN_POINT('',(1.215,-0.62,-0.875));
#4446=CARTESIAN_POINT('',(1.5,-0.62,-0.7));
#4447=CARTESIAN_POINT('',(1.5,-0.62,-0.875));
#4448=CARTESIAN_POINT('',(1.215,-0.62,-0.875));
#4449=CARTESIAN_POINT('',(1.5,-0.88,-0.875));
#4450=CARTESIAN_POINT('',(1.5,-0.88,-0.875));
#4451=CARTESIAN_POINT('',(1.5,-0.88,-0.875));
#4452=CARTESIAN_POINT('',(1.5,-0.88,-0.7));
#4453=CARTESIAN_POINT('',(1.5,-0.88,-0.7));
#4454=CARTESIAN_POINT('',(1.51,-0.88,-0.7));
#4455=CARTESIAN_POINT('',(2.16840434497101E-16,-2.,-0.7));
#4456=CARTESIAN_POINT('',(1.5,-1.12,-0.7));
#4457=CARTESIAN_POINT('',(1.5,-1.12,-0.7));
#4458=CARTESIAN_POINT('',(1.5,-1.12,-0.7));
#4459=CARTESIAN_POINT('',(1.215,-1.12,-0.875));
#4460=CARTESIAN_POINT('',(1.5,-1.12,-0.7));
#4461=CARTESIAN_POINT('',(1.5,-1.12,-0.875));
#4462=CARTESIAN_POINT('',(1.215,-1.12,-0.875));
#4463=CARTESIAN_POINT('',(-0.125,1.2,-0.875));
#4464=CARTESIAN_POINT('',(-0.125,1.2,-0.9));
#4465=CARTESIAN_POINT('',(-0.125,1.2,-0.9));
#4466=CARTESIAN_POINT('',(0.125,1.2,-0.9));
#4467=CARTESIAN_POINT('',(-0.125,1.2,-0.875));
#4468=CARTESIAN_POINT('',(-0.125,1.2,-0.875));
#4469=CARTESIAN_POINT('',(-0.125,1.2,-0.875));
#4470=CARTESIAN_POINT('',(0.125,1.2,-0.875));
#4471=CARTESIAN_POINT('',(0.125,1.2,-0.875));
#4472=CARTESIAN_POINT('',(-1.02686170212766,1.05406914893617,-0.01));
#4473=CARTESIAN_POINT('',(-1.02686170212766,1.05406914893617,0.));
#4474=CARTESIAN_POINT('',(-0.876861702127659,1.05406914893617,0.));
#4475=CARTESIAN_POINT('',(0.,0.,-0.875));
#4476=CARTESIAN_POINT('',(-0.125,-1.5,-0.875));
#4477=CARTESIAN_POINT('',(-0.125,-1.5,-0.875));
#4478=CARTESIAN_POINT('',(0.125,-1.5,-0.875));
#4479=CARTESIAN_POINT('',(0.125,-1.5,-0.875));
#4480=CARTESIAN_POINT('',(-0.125,-1.5,-0.875));
#4481=CARTESIAN_POINT('',(-0.125,-1.5,-0.875));
#4482=CARTESIAN_POINT('',(-0.125,-1.5,-0.9));
#4483=CARTESIAN_POINT('',(-0.125,-1.51,-0.9));
#4484=CARTESIAN_POINT('',(-0.125,-1.5,-0.7));
#4485=CARTESIAN_POINT('',(-0.125,-1.5,-0.7));
#4486=CARTESIAN_POINT('',(-0.125,-1.51,-0.7));
#4487=CARTESIAN_POINT('',(-0.125,-1.51,-0.7));
#4488=CARTESIAN_POINT('',(-0.125,-1.51,-0.7));
#4489=CARTESIAN_POINT('',(0.375,-1.2,-0.875));
#4490=CARTESIAN_POINT('',(0.375,-1.2,-0.9));
#4491=CARTESIAN_POINT('',(0.375,-1.2,-0.875));
#4492=CARTESIAN_POINT('',(0.375,-1.5,-0.875));
#4493=CARTESIAN_POINT('',(0.375,-1.5,-0.7));
#4494=CARTESIAN_POINT('',(0.375,-1.5,-0.7));
#4495=CARTESIAN_POINT('',(0.375,-1.5,-0.7));
#4496=CARTESIAN_POINT('',(0.,0.,-0.7));
#4497=CARTESIAN_POINT('',(0.125,-1.5,-0.7));
#4498=CARTESIAN_POINT('',(0.125,-1.5,-0.7));
#4499=CARTESIAN_POINT('',(0.125,-1.51,-0.7));
#4500=CARTESIAN_POINT('',(0.125,-1.5,-0.875));
#4501=CARTESIAN_POINT('',(0.125,-1.5,-0.9));
#4502=CARTESIAN_POINT('',(0.125,-1.5,-0.7));
#4503=CARTESIAN_POINT('',(0.,0.,-0.7));
#4504=CARTESIAN_POINT('',(-0.375,-1.5,-0.7));
#4505=CARTESIAN_POINT('',(-0.375,-1.5,-0.7));
#4506=CARTESIAN_POINT('',(-0.375,-1.5,-0.7));
#4507=CARTESIAN_POINT('',(-0.375,-1.51,-0.7));
#4508=CARTESIAN_POINT('',(-0.375,-1.51,-0.7));
#4509=CARTESIAN_POINT('',(-0.375,-1.51,-0.7));
#4510=CARTESIAN_POINT('',(-0.375,-1.51,-0.9));
#4511=CARTESIAN_POINT('',(-0.375,-1.51,-0.9));
#4512=CARTESIAN_POINT('',(-0.375,-1.51,-0.7));
#4513=CARTESIAN_POINT('',(-0.375,1.51,-0.7));
#4514=CARTESIAN_POINT('',(-0.375,1.51,-0.9));
#4515=CARTESIAN_POINT('',(-0.375,1.51,-0.9));
#4516=CARTESIAN_POINT('',(-0.125,1.51,-0.9));
#4517=CARTESIAN_POINT('',(-0.375,1.51,-0.7));
#4518=CARTESIAN_POINT('',(-0.375,1.51,-0.7));
#4519=CARTESIAN_POINT('',(-0.375,1.51,-0.7));
#4520=CARTESIAN_POINT('',(-0.125,1.51,-0.7));
#4521=CARTESIAN_POINT('',(-0.125,1.51,-0.7));
#4522=CARTESIAN_POINT('',(0.,0.,-0.9));
#4523=CARTESIAN_POINT('',(0.125,1.5,-0.9));
#4524=CARTESIAN_POINT('',(0.375,1.2,-0.9));
#4525=CARTESIAN_POINT('',(-0.375,-1.2,-0.9));
#4526=CARTESIAN_POINT('',(-0.375,-1.2,-0.9));
#4527=CARTESIAN_POINT('',(-0.375,-1.2,-0.9));
#4528=CARTESIAN_POINT('',(-0.825,-1.2,-0.9));
#4529=CARTESIAN_POINT('',(-0.825,-1.2,-0.9));
#4530=CARTESIAN_POINT('',(-0.825,0.90243738313801,-0.9));
#4531=CARTESIAN_POINT('',(-0.52743738313801,1.2,-0.9));
#4532=CARTESIAN_POINT('',(-0.52743738313801,1.2,-0.9));
#4533=CARTESIAN_POINT('',(-0.52743738313801,1.2,-0.9));
#4534=CARTESIAN_POINT('',(-0.375,1.2,-0.9));
#4535=CARTESIAN_POINT('',(-0.375,1.2,-0.9));
#4536=CARTESIAN_POINT('',(-0.125,1.5,-0.9));
#4537=CARTESIAN_POINT('',(0.,0.,-0.875));
#4538=CARTESIAN_POINT('',(0.125,1.5,-0.875));
#4539=CARTESIAN_POINT('',(0.125,1.5,-0.875));
#4540=CARTESIAN_POINT('',(-0.125,1.5,-0.875));
#4541=CARTESIAN_POINT('',(-0.125,1.5,-0.875));
#4542=CARTESIAN_POINT('',(0.125,1.5,-0.875));
#4543=CARTESIAN_POINT('',(0.125,1.5,-0.875));
#4544=CARTESIAN_POINT('',(0.125,1.5,-0.7));
#4545=CARTESIAN_POINT('',(0.125,1.5,-0.7));
#4546=CARTESIAN_POINT('',(0.125,1.51,-0.7));
#4547=CARTESIAN_POINT('',(0.,0.,-0.7));
#4548=CARTESIAN_POINT('',(0.375,1.5,-0.7));
#4549=CARTESIAN_POINT('',(0.375,1.5,-0.7));
#4550=CARTESIAN_POINT('',(0.375,1.5,-0.7));
#4551=CARTESIAN_POINT('',(0.375,1.2,-0.875));
#4552=CARTESIAN_POINT('',(0.375,1.5,-0.7));
#4553=CARTESIAN_POINT('',(0.375,1.5,-0.875));
#4554=CARTESIAN_POINT('',(0.375,1.2,-0.875));
#4555=CARTESIAN_POINT('',(1.215,0.995,-0.875));
#4556=CARTESIAN_POINT('',(1.5,-1.5,-0.875));
#4557=CARTESIAN_POINT('',(1.5,-1.5,-0.875));
#4558=CARTESIAN_POINT('',(0.375,-1.5,-0.875));
#4559=CARTESIAN_POINT('',(1.5,1.5,-0.875));
#4560=CARTESIAN_POINT('',(1.5,1.5,-0.875));
#4561=CARTESIAN_POINT('',(1.5,1.12,-0.875));
#4562=CARTESIAN_POINT('',(1.5,-1.5,-0.875));
#4563=CARTESIAN_POINT('',(1.5,-1.5,-0.875));
#4564=CARTESIAN_POINT('',(1.5,-1.5,-0.875));
#4565=CARTESIAN_POINT('',(1.5,-1.5,-0.875));
#4566=CARTESIAN_POINT('',(1.5,-1.5,-0.9));
#4567=CARTESIAN_POINT('',(1.5,1.5,-0.9));
#4568=CARTESIAN_POINT('',(1.5,1.5,0.));
#4569=CARTESIAN_POINT('',(1.5,-1.5,0.));
#4570=CARTESIAN_POINT('',(1.5,-1.5,0.));
#4571=CARTESIAN_POINT('',(1.5,-1.5,-0.9));
#4572=CARTESIAN_POINT('',(0.,0.,-0.7));
#4573=CARTESIAN_POINT('',(-0.375,1.5,-0.7));
#4574=CARTESIAN_POINT('',(-0.375,1.5,-0.7));
#4575=CARTESIAN_POINT('',(-0.125,1.5,-0.7));
#4576=CARTESIAN_POINT('',(-0.125,1.5,-0.7));
#4577=CARTESIAN_POINT('',(-0.125,1.51,-0.7));
#4578=CARTESIAN_POINT('',(-0.125,1.5,-0.875));
#4579=CARTESIAN_POINT('',(-0.125,1.5,-0.7));
#4580=CARTESIAN_POINT('',(0.,0.,0.));
#4581=CARTESIAN_POINT('',(-1.5,1.5,0.));
#4582=CARTESIAN_POINT('',(-1.5,1.5,0.));
#4583=CARTESIAN_POINT('',(-1.5,-1.5,0.));
#4584=CARTESIAN_POINT('',(-1.5,-1.5,0.));
#4585=CARTESIAN_POINT('',(1.5,1.5,0.));
#4586=CARTESIAN_POINT('',(-1.5,-1.5,-0.9));
#4587=CARTESIAN_POINT('',(-1.5,-1.5,-0.9));
#4588=CARTESIAN_POINT('',(-1.5,-1.5,-0.875));
#4589=CARTESIAN_POINT('',(-1.5,-1.5,-0.875));
#4590=CARTESIAN_POINT('',(-0.375,-1.5,-0.875));
#4591=CARTESIAN_POINT('',(-0.375,-1.5,-0.7));
#4592=CARTESIAN_POINT('',(-0.375,-1.2,-0.875));
#4593=CARTESIAN_POINT('',(-0.375,-1.2,-0.875));
#4594=CARTESIAN_POINT('',(-0.375,-1.2,-0.875));
#4595=CARTESIAN_POINT('',(-0.375,-1.2,-0.875));
#4596=CARTESIAN_POINT('',(-0.375,-1.2,-0.875));
#4597=CARTESIAN_POINT('',(-0.375,-1.2,-0.875));
#4598=CARTESIAN_POINT('',(-0.825,-1.2,-0.875));
#4599=CARTESIAN_POINT('',(-0.825,-1.2,-0.875));
#4600=CARTESIAN_POINT('',(-0.825,-1.2,-0.875));
#4601=CARTESIAN_POINT('',(-0.825,-1.2,-0.875));
#4602=CARTESIAN_POINT('',(-0.825,0.90243738313801,-0.875));
#4603=CARTESIAN_POINT('',(-0.825,0.90243738313801,-0.875));
#4604=CARTESIAN_POINT('',(-0.52743738313801,1.2,-0.875));
#4605=CARTESIAN_POINT('',(-0.52743738313801,1.2,-0.875));
#4606=CARTESIAN_POINT('',(-0.52743738313801,1.2,-0.875));
#4607=CARTESIAN_POINT('',(-0.52743738313801,1.2,-0.875));
#4608=CARTESIAN_POINT('',(-0.52743738313801,1.2,-0.875));
#4609=CARTESIAN_POINT('',(-0.52743738313801,1.2,-0.875));
#4610=CARTESIAN_POINT('',(-0.375,1.2,-0.875));
#4611=CARTESIAN_POINT('',(-0.375,1.2,-0.875));
#4612=CARTESIAN_POINT('',(-0.375,1.2,-0.875));
#4613=CARTESIAN_POINT('',(-0.375,1.2,-0.875));
#4614=CARTESIAN_POINT('',(-0.375,1.5,-0.875));
#4615=CARTESIAN_POINT('',(-0.375,1.5,-0.7));
#4616=CARTESIAN_POINT('',(1.5,1.5,-0.9));
#4617=CARTESIAN_POINT('',(-0.375,1.5,-0.875));
#4618=CARTESIAN_POINT('',(-1.5,1.5,-0.875));
#4619=CARTESIAN_POINT('',(-1.5,1.5,-0.9));
#4620=CARTESIAN_POINT('',(-1.5,1.5,-0.9));
#4621=CARTESIAN_POINT('',(-1.5,1.5,-0.875));
#4622=CARTESIAN_POINT('',(-1.5,1.5,-0.875));
#4623=CARTESIAN_POINT('',(-1.5,1.5,-0.875));
#4624=CARTESIAN_POINT('',(-1.5,1.12,-0.875));
#4625=CARTESIAN_POINT('',(-1.5,1.12,-0.9));
#4626=CARTESIAN_POINT('',(-1.5,1.12,-0.7));
#4627=CARTESIAN_POINT('',(-1.5,1.5,-0.7));
#4628=CARTESIAN_POINT('',(-1.5,0.88,-0.7));
#4629=CARTESIAN_POINT('',(-1.5,0.88,-0.9));
#4630=CARTESIAN_POINT('',(-1.5,0.88,-0.875));
#4631=CARTESIAN_POINT('',(-1.5,1.5,-0.875));
#4632=CARTESIAN_POINT('',(-1.5,1.5,-0.875));
#4633=CARTESIAN_POINT('',(-1.5,1.5,-0.875));
#4634=CARTESIAN_POINT('',(0.,0.,-0.875));
#4635=CARTESIAN_POINT('',(0.,0.88,-0.875));
#4636=CARTESIAN_POINT('',(-1.215,0.88,-0.875));
#4637=CARTESIAN_POINT('',(-1.215,0.995,-0.875));
#4638=CARTESIAN_POINT('',(-1.1,0.995,-0.875));
#4639=CARTESIAN_POINT('',(-1.1,1.005,-0.875));
#4640=CARTESIAN_POINT('',(-1.1,1.005,-0.875));
#4641=CARTESIAN_POINT('',(-1.215,1.005,-0.875));
#4642=CARTESIAN_POINT('',(-1.215,1.12,-0.875));
#4643=CARTESIAN_POINT('',(-8.52144865392117E-16,1.12,-0.875));
#4644=CARTESIAN_POINT('',(-1.51,0.88,-0.7));
#4645=CARTESIAN_POINT('',(-1.51,0.88,-0.9));
#4646=CARTESIAN_POINT('',(-1.51,0.88,-0.9));
#4647=CARTESIAN_POINT('',(-1.51,1.12,-0.9));
#4648=CARTESIAN_POINT('',(-1.51,0.88,-0.7));
#4649=CARTESIAN_POINT('',(-1.51,0.88,-0.7));
#4650=CARTESIAN_POINT('',(-1.51,0.88,-0.7));
#4651=CARTESIAN_POINT('',(-1.51,1.12,-0.7));
#4652=CARTESIAN_POINT('',(-1.51,1.12,-0.7));
#4653=CARTESIAN_POINT('',(-1.215,0.995,-0.875));
#4654=CARTESIAN_POINT('',(-1.215,0.995,-0.9));
#4655=CARTESIAN_POINT('',(-1.215,0.88,-0.9));
#4656=CARTESIAN_POINT('',(-1.1,0.995,-0.9));
#4657=CARTESIAN_POINT('',(-1.1,0.995,-0.875));
#4658=CARTESIAN_POINT('',(-1.215,0.88,-0.875));
#4659=CARTESIAN_POINT('',(-1.215,0.88,-0.875));
#4660=CARTESIAN_POINT('',(-1.215,0.88,-0.9));
#4661=CARTESIAN_POINT('',(-1.5,0.88,-0.7));
#4662=CARTESIAN_POINT('',(-1.215,1.005,-0.875));
#4663=CARTESIAN_POINT('',(-1.215,1.005,-0.9));
#4664=CARTESIAN_POINT('',(-1.1,1.005,-0.9));
#4665=CARTESIAN_POINT('',(-1.215,1.12,-0.9));
#4666=CARTESIAN_POINT('',(-1.215,1.12,-0.875));
#4667=CARTESIAN_POINT('',(-1.1,1.005,-0.875));
#4668=CARTESIAN_POINT('',(0.,0.,-0.9));
#4669=CARTESIAN_POINT('',(-1.1,1.005,-0.9));
#4670=CARTESIAN_POINT('',(-1.5,1.12,-0.9));
#4671=CARTESIAN_POINT('',(-1.1,1.005,-0.875));
#4672=CARTESIAN_POINT('',(-1.5,1.12,-0.875));
#4673=CARTESIAN_POINT('',(-1.51,1.12,-0.7));
#4674=CARTESIAN_POINT('',(0.,0.,-0.7));
#4675=MECHANICAL_DESIGN_GEOMETRIC_PRESENTATION_REPRESENTATION('',(#2267,
#2268,#2269,#2270,#2271,#2272,#2273,#2274,#2275,#2276,#2277,#2278,#2279,
#2280,#2281,#2282,#2283,#2284,#2285,#2286,#2287,#2288,#2289,#2290,#2291,
#2292,#2293,#2294,#2295,#2296,#2297,#2298,#2299,#2300,#2301,#2302,#2303,
#2304,#2305,#2306,#2307,#2308,#2309,#2310,#2311,#2312,#2313,#2314,#2315,
#2316,#2317,#2318,#2319,#2320,#2321,#2322,#2323,#2324,#2325,#2326,#2327,
#2328,#2329,#2330,#2331,#2332,#2333,#2334,#2335,#2336,#2337,#2338,#2339,
#2340,#2341,#2342,#2343,#2344,#2345,#2346,#2347,#2348,#2349,#2350,#2351,
#2352,#2353,#2354,#2355,#2356,#2357,#2358,#2359,#2360,#2361,#2362,#2363,
#2364,#2365,#2366,#2367,#2368,#2369,#2370,#2371,#2372,#2373,#2374,#2375,
#2376,#2377,#2378,#2379,#2380,#2381,#2382,#2383),#4676);
#4676=(
GEOMETRIC_REPRESENTATION_CONTEXT(3)
GLOBAL_UNCERTAINTY_ASSIGNED_CONTEXT((#4677))
GLOBAL_UNIT_ASSIGNED_CONTEXT((#4680,#4679,#4678))
REPRESENTATION_CONTEXT('TPS16412DRCR','TOP_LEVEL_ASSEMBLY_PART')
);
#4677=UNCERTAINTY_MEASURE_WITH_UNIT(LENGTH_MEASURE(0.005),#4680,
'DISTANCE_ACCURACY_VALUE','Maximum Tolerance applied to model');
#4678=(
NAMED_UNIT(*)
SI_UNIT($,.STERADIAN.)
SOLID_ANGLE_UNIT()
);
#4679=(
NAMED_UNIT(*)
PLANE_ANGLE_UNIT()
SI_UNIT($,.RADIAN.)
);
#4680=(
LENGTH_UNIT()
NAMED_UNIT(*)
SI_UNIT(.MILLI.,.METRE.)
);
#4681=PRODUCT_DEFINITION_SHAPE('','',#4682);
#4682=PRODUCT_DEFINITION('','',#4684,#4683);
#4683=PRODUCT_DEFINITION_CONTEXT('',#4690,'design');
#4684=PRODUCT_DEFINITION_FORMATION_WITH_SPECIFIED_SOURCE('','',#4686,
 .NOT_KNOWN.);
#4685=PRODUCT_RELATED_PRODUCT_CATEGORY('','',(#4686));
#4686=PRODUCT('TPS16412DRCR','TPS16412DRCR','TPS16412DRCR',(#4688));
#4687=PRODUCT_CATEGORY('','');
#4688=PRODUCT_CONTEXT('',#4690,'mechanical');
#4689=APPLICATION_PROTOCOL_DEFINITION('international standard',
'automotive_design',2010,#4690);
#4690=APPLICATION_CONTEXT(
'core data for automotive mechanical design processes');
ENDSEC;
END-ISO-10303-21;
